prob_0,prob_1,prob_2,prob_3,prob_4,prob_5,prob_6,true_label
0.5986,1.9e-06,0.2751,0.1265,3.59e-05,2.9e-06,3.374e-05,2
0.00010073,0.0,1.55e-06,1.0,6e-08,1e-07,2e-07,2
0.9937,7.8e-06,0.00654,4.333e-05,6e-08,2.4e-07,0.0,2
1.0,6.1e-06,0.0001451,1.55e-06,6e-08,2e-07,6e-08,2
1.186e-05,0.0,1.0,0.0,0.0,0.0,0.0,2
0.0756,6e-08,0.003468,0.921,1e-07,1.2e-06,1e-07,2
2.4e-06,0.0,1.645e-05,1.0,3.254e-05,5e-07,6.6e-07,2
6e-08,0.0,1.85e-06,1.0,6.6e-07,6e-08,6e-08,2
4e-07,1e-07,1.0,0.0,0.0,0.0,0.0,2
0.000158,0.001919,0.0001982,0.0,0.9976,6.6e-07,1e-07,2
0.0,0.0,1.0,0.0,0.0,0.0,0.0,2
3e-07,0.0,1.0,0.0,0.0,0.0,0.0,2
1.43e-06,2.74e-06,1.0,0.0,1.9e-06,0.0,0.0,2
1.13e-06,1.43e-06,2e-07,1e-07,1.0,6e-08,1e-07,2
3.2e-06,0.0,1.0,6e-07,0.0,0.0,0.0,2
3.76e-05,0.0,1.0,6e-08,0.0,0.0,0.0,2
9.5e-07,0.0,1.0,0.0,0.0,0.0,0.0,2
1.13e-06,0.0,1.0,6e-07,0.0,0.0,0.0,2
0.00316,0.0,0.997,1.85e-06,0.0,0.0,0.0,2
2.134e-05,6e-08,1.0,2e-07,5.1e-05,0.0,0.0,2
1e-06,0.0,1.0,0.0,2e-07,0.0,0.0,2
0.4548,2.67e-05,0.5093,8.1e-06,0.03564,1.2e-06,1e-07,2
0.9995,7.03e-06,0.0001361,4.77e-06,0.0004272,3e-07,3e-07,2
6e-08,0.0,1.0,0.0,6e-08,0.0,0.0,2
0.1404,0.0001061,0.8594,1e-07,1e-07,1e-07,0.0,2
0.002472,6e-08,0.9976,0.0,0.0,0.0,0.0,2
0.0001888,6e-08,1.0,0.0,0.0,0.0,0.0,2
5e-07,0.0,1.0,0.0,0.0,0.0,0.0,2
1e-07,0.0,1.0,0.0,0.0,0.0,0.0,2
2.4e-07,0.0,1.0,0.0,0.0,0.0,0.0,2
3.6e-07,0.0,1.0,0.0,0.0,0.0,0.0,2
3e-07,0.0,1.0,0.0,0.0,0.0,0.0,2
0.0006695,1.13e-06,0.9995,1.8e-06,1e-07,0.0,0.0,2
4.1e-06,0.0,1.0,0.0,0.0,0.0,0.0,2
0.01927,3.6e-07,0.981,1.1e-06,1e-07,0.0,0.0,2
0.002333,6e-08,0.9976,0.0,0.0,0.0,0.0,2
2e-07,0.0,1.0,6.71e-05,0.0,0.0,0.0,2
0.0,0.0,1.0,4e-06,0.0,0.0,0.0,2
0.0,0.0,1.0,0.0,0.0,0.0,0.0,2
0.0,0.0,1.0,0.0,0.0,0.0,0.0,2
5.4e-07,0.0,1.0,0.0,0.0,0.0,0.0,2
0.002512,0.0,0.9976,0.0,0.0,0.0,0.0,2
0.0,0.0,1.0,0.0,0.0,0.0,0.0,2
0.0,0.0,1.0,0.0,0.0,0.0,0.0,2
4e-07,0.0,1.0,0.0,0.0,0.0,0.0,2
0.0001089,6e-08,1.0,0.0,0.0,0.0,0.0,2
2e-07,0.0,1.0,0.0,0.0,0.0,0.0,2
1.43e-06,4.35e-06,1.0,0.0,6e-08,0.0,0.0,2
0.9995,4e-07,0.0007153,0.0,4e-07,6e-08,0.0,2
7.9e-06,1e-07,0.1755,6.6e-07,0.824,2e-07,0.0,2
0.0001897,3e-07,1.0,0.0,0.0,0.0,0.0,2
0.00011414,0.0,1.0,0.0,6e-07,0.0,0.0,2
6e-07,0.0,1.0,0.0,0.0,0.0,0.0,2
2.15e-06,0.0,1.0,0.0,0.0,0.0,0.0,2
1e-07,0.0,1.0,0.0,0.0,0.0,0.0,2
0.001156,0.999,5.4e-07,0.0,2.26e-06,2.4e-07,1e-07,2
1.46e-05,3.6e-07,1.0,0.0,0.0,0.0,0.0,2
1.1e-06,0.0,1.0,0.0,0.0,0.0,0.0,2
1e-06,3.9e-06,1.0,0.0,0.000142,0.0,0.0,2
0.000607,0.0002285,0.999,0.0,2.4e-07,6e-08,0.0,2
1e-07,0.0,1.0,0.0,0.0,0.0,0.0,2
0.0001845,1.47e-05,1.0,0.0,1e-07,0.0,0.0,2
0.0,0.0,1.0,0.0,0.0,0.0,0.0,2
0.000367,7.75e-06,0.9995,0.0,6e-08,6e-08,6e-08,2
0.4377,4.65e-06,0.562,7.135e-05,1.7e-06,2e-07,0.0,2
3.14e-05,6e-08,1.0,0.0,6e-08,0.0,0.0,2
0.000374,5.4e-07,0.9995,0.0,1e-07,0.0,0.0,2
0.0,0.0,1.0,0.0,0.0,0.0,0.0,2
1e-07,0.0,1.0,0.0,0.0,0.0,0.0,2
0.0004692,7.2e-06,0.9995,0.0,2.4e-07,0.0,0.0,2
0.00186,0.998,0.0001597,6e-08,4.4e-06,2.4e-07,6e-08,2
4e-07,0.0,1.0,0.0,3e-07,0.0,0.0,2
8.684e-05,8.3e-06,1.0,0.0,6e-08,0.0,0.0,2
0.9995,0.0006566,6e-07,6e-08,6e-08,3e-07,6e-08,2
0.02477,0.9736,0.001561,6.6e-07,2.44e-06,3.34e-06,1.97e-06,2
3e-07,0.0,1.0,0.0,0.0,0.0,5e-07,2
1.25e-06,0.0,1.0,0.0,1e-07,0.0,0.0,2
8.22e-05,1e-07,1.0,0.0,0.0,0.0,0.0,2
0.963,7e-07,0.03732,0.0,1e-07,0.0,0.0,2
7.45e-06,1e-07,1.0,0.0,0.0,0.0,0.0,2
2e-07,0.0,1.0,0.0,3e-07,0.0,0.0,2
6e-08,0.0,1.0,0.0,0.0,0.0,0.0,2
2.4e-07,0.0,0.9873,0.0,0.01263,0.0,0.0,2
0.0,0.0,1.0,0.0,0.0,0.0,0.0,2
6e-08,0.0,1.0,0.0,0.0,0.0,0.0,2
0.002285,0.993,0.004726,0.0,5e-06,6e-08,0.0,2
9.2e-06,9.5e-07,1.0,0.0,6e-08,0.0,0.0,2
0.00668,0.005714,0.988,6e-08,1.55e-06,2.4e-07,0.0,2
4e-07,0.0,1.0,0.0,0.0,0.0,0.0,2
0.00814,0.879,5.1e-05,2e-07,0.11304,1.22e-05,5.51e-05,2
6e-08,0.0,1.0,0.0,0.0,0.0,0.0,2
0.000158,0.0651,0.9346,3.6e-07,6.85e-06,8e-07,6e-08,2
4.8e-06,1e-07,1.0,0.0,0.0,0.0,0.0,2
0.9995,0.000593,1.27e-05,6e-08,1e-06,3.6e-07,7e-07,2
0.996,0.000774,0.003347,2e-07,1.353e-05,9.5e-07,2.3e-06,2
0.9995,0.0002785,3.2e-06,6e-08,1e-07,3e-07,1.5e-06,2
6e-08,0.0,1.0,0.0,0.0,0.0,0.0,2
1.0,9e-06,2.62e-05,6e-08,6e-08,2.4e-07,1.7e-06,2
5e-07,0.0,0.002571,0.0,0.9976,0.0,0.0,2
0.04193,1.85e-06,0.958,2e-07,9.2e-06,6e-08,1e-07,2
1.0,1.365e-05,1.013e-05,6e-08,6e-08,3.6e-07,2.26e-06,2
0.9937,0.00619,0.0001513,5e-07,9.5e-07,1.6e-06,8e-07,2
6e-08,0.0,1.0,0.0,0.0,0.0,0.0,2
0.0006695,9.62e-05,0.999,0.0,6e-08,1e-07,4e-07,2
2.54e-05,0.0,1.0,0.0,0.0,0.0,0.0,2
0.2744,0.001199,0.010735,0.623,0.0777,0.0002319,0.0125,2
0.0,0.0,0.0,1.0,0.0,0.0,0.0,2
0.0,0.0,1.0,0.0,0.0,0.0,0.0,2
0.928,0.0532,0.01852,1.4e-06,1.466e-05,1.25e-06,6e-07,2
0.04492,0.0422,0.913,8.3e-07,3.14e-05,3.93e-06,1.25e-06,2
0.0415,0.1283,0.83,1.1e-06,2.63e-05,5.7e-06,1.5e-06,2
0.01006,0.014305,0.9756,6e-08,1e-07,5.4e-07,6e-08,2
8e-07,0.0,1.0,0.0,0.0,0.0,0.0,2
0.9995,0.0002071,4.59e-05,6e-08,6e-08,2.4e-07,1e-07,2
0.9995,9.83e-06,0.000513,0.0,0.0,2e-07,0.0,2
0.0002434,1.9e-06,0.9995,0.0,1.43e-06,0.0,0.0,2
6e-08,0.0,1.0,0.0,0.0,0.0,0.0,2
5e-07,0.0,1.0,0.0,0.0,0.0,0.0,2
0.4722,0.00312,0.5244,8.3e-07,0.0001262,5.5e-06,1.5e-06,2
9.5e-07,1.2e-06,1.0,0.0,6e-08,0.0,0.0,2
1.9e-06,0.0,1.0,0.0,6e-08,0.0,0.0,2
2.4e-07,0.0,1.0,0.0,6e-08,0.0,0.0,2
0.0,0.0,1.0,0.0,0.0,0.0,0.0,2
2e-07,0.0,1.0,0.0,0.0,0.0,0.0,2
6e-08,0.0,1.0,0.0,0.0,0.0,0.0,2
2e-07,6e-08,1.0,0.0,0.0,0.0,0.0,2
6e-08,0.0,1.0,0.0,0.0,0.0,0.0,2
6e-08,0.0,1.0,0.0,0.0,0.0,0.0,2
1.234e-05,1e-07,1.0,0.0,0.0,0.0,0.0,2
0.000513,6e-07,0.9995,0.0,0.0,0.0,0.0,2
2e-07,6e-08,1.0,0.0,0.0,0.0,0.0,2
0.0,0.0,1.0,0.0,0.0,0.0,0.0,2
6e-07,0.0,1.0,0.0,0.0,0.0,0.0,2
0.004383,1.12e-05,0.9956,6e-08,1e-07,6e-08,0.0,2
2.4e-06,6e-08,1.0,0.0,0.0,0.0,0.0,2
4e-07,2.4e-07,1.0,0.0,3.1e-06,0.0,0.0,2
6e-08,0.0,1.0,0.0,5.4e-07,0.0,0.0,2
6e-08,0.0,1.0,0.0,0.0,0.0,0.0,2
3e-07,0.0,1.0,0.0,0.0,0.0,0.0,2
6e-08,0.0,1.0,0.0,2.4e-07,0.0,0.0,2
3e-07,0.0,1.0,0.0,0.0,0.0,0.0,2
0.0003006,1e-07,0.9995,0.0,0.0,0.0,0.0,2
3.6e-07,0.0,1.0,0.0,0.0,0.0,0.0,2
2.06e-05,0.0,1.0,0.0,0.0,0.0,0.0,2
8.19e-05,1.29e-05,1.0,6e-08,1e-07,0.0,0.0,2
2.885e-05,0.0,1.0,0.0,0.0,0.0,0.0,2
1.055e-05,0.0,1.0,0.0,0.0,0.0,0.0,2
1e-07,0.0,1.0,0.0,0.0,0.0,0.0,2
3.6e-07,0.0,1.0,0.0,2.986e-05,0.0,0.0,2
2e-07,0.0,1.0,0.0,0.0,0.0,0.0,2
2e-07,0.0,1.0,0.0,0.0,0.0,0.0,2
0.0,0.0,1.0,0.0,0.0,0.0,0.0,2
2.4e-07,0.0,1.0,0.0,0.0,0.0,0.0,2
3e-07,0.0,1.0,0.0,0.0,0.0,0.0,2
1.1e-06,0.0,1.0,0.0,0.0,0.0,0.0,2
0.0,0.0,1.0,0.0,0.0,0.0,0.0,2
0.0,0.0,1.0,0.0,0.0,0.0,0.0,2
4.1e-06,0.0,1.0,0.0,0.0,0.0,0.0,2
8.76e-06,1.7e-06,0.983,0.0,0.01704,0.0,0.0,2
2.4e-06,2.2e-06,0.995,0.0,0.004887,0.0,0.0,2
1e-07,0.0,1.0,0.0,1e-07,0.0,0.0,2
6e-08,0.0,1.0,0.0,2e-07,0.0,0.0,2
6e-08,0.0,1.0,0.0,0.0,0.0,0.0,2
0.0,0.0,1.0,0.0,0.0,0.0,0.0,2
8.3e-07,0.0,0.01653,5e-07,0.9834,0.0,6e-08,2
0.000227,4.12e-05,0.9995,0.0,8.3e-07,6e-08,0.0,2
6.12e-05,1.97e-06,1.0,0.0,1e-07,0.0,0.0,2
8.76e-06,0.0,0.886,0.1136,3.5e-06,1e-07,0.0,2
6.6e-07,0.0,0.9956,0.00435,9.36e-06,6e-08,0.0,2
0.0,0.0,1.0,0.0,0.0,0.0,0.0,2
0.0,0.0,1.0,0.0,0.0,0.0,0.0,2
0.0,0.0,1.0,0.0,0.0,0.0,0.0,2
0.0,0.0,1.0,0.0,0.0,0.0,0.0,2
6e-08,0.0,1.0,0.0,6e-08,0.0,0.0,2
0.0,0.0,1.0,0.0,0.0,0.0,0.0,2
6e-08,0.0,1.0,0.0,0.0,0.0,0.0,2
1.884e-05,0.0,1.0,0.0,0.0,0.0,0.0,2
4.3e-06,0.0,1.0,0.0,0.0,0.0,0.0,2
2e-07,0.0,1.0,0.0,0.0,0.0,0.0,2
0.003136,0.0,2.337e-05,0.0,0.0,0.0,0.997,2
0.9995,8.34e-06,0.0004618,0.0,1e-07,6e-08,6e-08,2
6e-08,0.0,1.0,0.0,0.0,0.0,0.0,2
0.0,0.0,1.0,0.0,6e-08,0.0,0.0,2
5e-07,0.0,1.0,0.0,0.0,0.0,0.0,2
3.3e-06,0.0,1.0,0.0,6e-08,0.0,0.0,2
0.0,0.0,1.0,0.0,0.0,0.0,0.0,2
1e-07,0.0,1.0,0.0,0.0,0.0,0.0,2
1.0,1e-06,1.2e-05,0.0,0.0,6e-08,6e-08,2
1.0,3e-07,3e-06,0.0,0.0,1e-07,1.115e-05,2
0.0,0.0,1.0,0.0,0.0,0.0,0.0,2
0.0894,0.91,7.03e-06,2.4e-07,1.2e-06,3.46e-06,0.0002582,6
0.0203,0.3433,2.4e-07,6e-08,8e-07,1.01e-05,0.636,6
0.3726,0.3682,1.97e-06,2e-07,7e-07,3.034e-05,0.259,6
9.57e-05,0.0,1.0,0.0,6e-08,0.0,6e-08,6
5.84e-06,0.0,1.0,0.0,6e-08,0.0,0.0,6
0.0,2e-07,0.0,0.0,6e-08,0.0,1.0,6
0.0,0.0,0.0,0.0,0.0,0.0,1.0,6
0.0,0.0,0.0,0.0,0.0,0.0,1.0,6
0.0,0.0,0.0,0.0,0.0,0.0,1.0,6
0.0,0.0,0.0,0.0,0.0,0.0,1.0,6
1e-07,0.0,0.0,1.0,0.0,0.0,1e-06,6
0.0,0.0,0.0,0.0,0.0,0.0,1.0,6
0.0,0.0,0.0,0.0,0.0,0.0,1.0,6
0.0,0.0,0.0,0.0,0.0,0.0,1.0,6
7.784e-05,0.0,0.0,0.0,0.0,0.0,1.0,6
0.0,0.0,0.0,0.0,0.0,0.0,1.0,6
0.000403,0.0,6e-08,0.0,0.0,0.0,0.9995,6
0.0,0.0,0.0,0.0,0.0,0.0,1.0,6
2.3e-06,0.0,2e-07,0.0,0.0,0.0,1.0,6
0.0,0.0,0.0,0.0,0.0,0.0,1.0,6
0.0001366,0.0,0.0,0.0,0.0,0.0,1.0,6
0.9966,6e-08,0.0002009,2.4e-07,0.0,2e-07,0.003016,6
0.9985,0.001495,2.26e-06,0.0,0.0,2e-07,0.0,1
0.9956,0.00454,1e-07,0.0,0.0,2.8e-06,0.0,1
4.2e-06,1.0,3.6e-07,0.0,6e-08,2e-07,0.0,1
1.38e-05,1.0,0.0001332,0.0,3.5e-06,6e-08,0.0,1
0.0008554,0.9985,0.0002708,0.0001893,6.74e-06,9.495e-05,3.63e-05,1
0.0005655,0.9985,0.0001002,0.0001166,8.05e-06,2.98e-05,0.0004122,1
0.823,0.1766,1.913e-05,2e-07,2e-07,1.8e-06,2.56e-06,1
0.998,0.001803,1.8e-06,0.0,0.0,3.6e-07,2.8e-06,1
0.9995,0.00054,0.0,0.0,0.0,1e-07,6e-08,1
0.9985,0.001356,1e-07,0.0,0.0,1e-07,1e-07,1
2.33e-05,1.0,3e-07,0.0,3.6e-07,6e-08,0.0,1
0.0001657,1.0,9e-07,6e-08,5e-07,6e-08,0.0,1
2e-07,1.0,0.0,0.0,6e-08,0.0,0.0,1
8.3e-07,1.0,6e-08,0.0,1e-07,6e-08,6e-08,1
0.0716,0.928,1.25e-06,0.0,6e-08,5e-07,6e-08,1
2e-06,1.0,0.0002217,2e-07,1.407e-05,6e-08,0.0,1
0.1931,0.8066,9.3e-06,0.0,1e-07,5e-07,6e-08,1
0.0,3.76e-06,8.64e-06,1.0,6.74e-06,6e-08,6e-08,1
3.8e-06,0.9907,0.000766,0.00842,0.000143,1.97e-06,0.000135,1
0.003147,0.997,7.1e-06,2.4e-07,1.5e-06,3e-07,7e-07,1
4.05e-05,1.0,4e-07,0.0,2.4e-07,1e-07,6e-08,1
0.002867,0.997,1e-07,0.0,0.0,1e-07,0.0,1
0.001024,0.999,1e-07,0.0,0.0,6e-08,6e-08,1
8e-05,1.0,8e-07,0.0,2.4e-07,1e-07,6e-08,1
0.0001566,1.0,2e-07,0.0,1e-07,1e-07,2e-07,1
0.005512,0.9946,3.5e-06,6e-08,1e-07,5e-07,6e-08,1
0.000486,0.9995,1.6e-06,6e-08,4e-07,3.6e-07,1e-07,1
3.2e-06,1.0,9e-07,0.0,7e-07,1e-07,6e-08,1
1.85e-06,0.0,0.0,1.0,0.0,0.0,0.0,1
1.0,7.2e-06,1e-07,0.0,0.0,6e-08,3e-07,1
1.0,4.05e-06,4.03e-05,0.0,0.0,1e-07,1e-07,1
0.999,0.0008864,1.3e-06,0.0,0.0,2.4e-07,6e-08,1
0.9634,0.0003214,0.03072,0.005707,0.0,6.9e-06,0.0,1
1.6e-05,1.0,6e-08,0.0,6e-08,1e-07,0.0,1
4.566e-05,1.0,2.4e-07,0.0,3e-07,1e-07,1e-07,1
7.796e-05,0.361,0.6387,6e-08,1.2e-06,1e-07,0.0,1
0.0008283,0.9976,0.00177,2.4e-07,3.3e-06,2e-07,2e-07,1
0.001774,0.9873,0.01067,1e-07,1.9e-06,8.3e-07,6e-08,1
0.001192,0.999,6.26e-06,0.0,2e-07,2.4e-07,0.0,1
0.0003176,0.9995,3.6e-07,0.0,1e-07,1e-07,0.0,1
0.9263,0.07367,2.533e-05,1e-07,7e-07,9e-07,1e-06,1
0.002132,0.998,1.43e-06,6e-08,2.5e-06,3e-07,2.4e-07,1
5.65e-05,1.0,4e-07,0.0,0.0,0.0,0.0,1
4.9e-06,1.0,2.4e-07,0.0,0.0,0.0,0.0,1
3.52e-05,1.0,2.027e-05,0.0,2.56e-06,1e-07,0.0,1
1.06e-05,1.0,4.3e-06,0.0,1.985e-05,1e-07,0.0,1
0.03308,1.8e-06,0.967,0.0,3.6e-06,0.0,0.0,1
0.10376,0.8965,5e-07,6e-08,1e-07,6e-08,0.0,1
0.762,0.2379,8e-07,0.0,4e-07,8.3e-07,4e-07,1
0.1744,0.8257,3.64e-06,0.0,2.4e-07,5e-07,2e-07,1
0.000619,0.9995,4.77e-06,0.0,6e-08,1e-07,6e-08,1
0.9995,0.0002685,3e-07,0.0,0.0,1e-07,6e-08,1
0.112,0.888,3.93e-06,1e-07,3e-07,1.4e-06,6.6e-07,1
1.0,2.67e-05,6e-08,0.0,0.0,6e-08,0.0,1
0.9995,0.0002573,5.4e-07,6e-08,0.0,3.6e-07,0.0,1
0.999,0.00104,8e-07,0.0,0.0,6e-08,0.0,1
0.0003598,0.9995,2e-07,6e-08,6e-08,1e-07,2e-07,1
4.035e-05,1.0,4e-07,0.0,0.0,6e-08,6e-08,1
0.001053,0.999,2e-07,2.4e-07,6e-08,3e-07,1.3e-06,1
0.955,0.045,8.905e-05,6e-08,2e-07,2e-07,0.0,1
0.998,0.002165,1.3e-06,9.5e-07,4e-07,2e-07,4.9e-06,1
0.000593,0.9995,2.4e-06,6e-08,1.3e-06,6e-08,6e-08,1
1.645e-05,1.0,5.317e-05,0.0,8.94e-06,6e-08,0.0,1
0.001484,0.9985,1e-07,0.0,6e-08,6e-08,0.0,1
0.658,2.92e-05,0.3416,0.0,3.6e-07,2e-07,0.0,1
0.01374,0.9863,8e-07,0.0,1e-07,2e-07,0.0,1
0.9956,0.004364,2e-07,6e-08,6e-08,3.6e-07,0.0,1
0.9897,0.01001,3.1e-06,2e-07,1e-07,5e-07,0.0,1
0.628,0.372,6e-08,0.0,1e-07,1.2e-06,6e-08,1
2.4e-07,1.0,0.0,0.0,0.0,0.0,0.0,1
2e-07,1.0,0.0,0.0,6e-08,0.0,0.0,1
0.00011915,1.0,2.4e-06,6e-08,3e-07,2e-07,1e-07,1
0.01065,0.9854,0.004112,8e-07,2.7e-06,1.4e-06,3e-07,1
0.96,0.003414,0.03677,3e-07,2.7e-06,1.97e-06,4e-07,1
0.4827,0.506,2e-07,0.0114,3.4e-06,8e-07,4.2e-06,1
2.86e-06,1.0,0.0,0.0,2e-06,0.0,0.0,1
1.97e-06,1.0,1e-07,0.0,1.943e-05,0.0,6e-08,1
3e-07,0.0,1.0,0.0,2.4e-07,0.0,0.0,1
3e-07,6e-08,1.0,0.0,1.3e-06,0.0,0.0,1
1.585e-05,1.0,1.97e-06,6e-08,0.0,0.0,0.0,1
2.4e-07,1.0,1.3e-06,6e-08,0.0,0.0,0.0,1
1.0,2.51e-05,0.0,0.0,0.0,6e-08,6e-08,1
0.01834,0.9814,2.4e-07,0.0,6e-08,5e-07,1e-07,1
0.999,0.0007887,3e-07,0.0,0.0,5.4e-07,3.6e-07,1
1.0,3.42e-05,6e-08,6e-08,0.0,6e-08,3.6e-07,1
0.03436,0.966,0.0,0.0,0.0,2e-07,6e-08,1
0.637,0.363,0.0,6e-08,0.0,5.4e-07,2e-07,1
2.37e-05,1.0,1e-07,0.0,6e-08,6e-08,6e-08,1
1.14e-05,1.0,6e-08,0.0,6e-08,6e-08,6e-08,1
3.16e-06,1.0,1e-07,0.0,1e-07,0.0,0.0,1
0.0001762,0.9995,1.44e-05,1e-07,0.0002592,6e-07,5e-07,1
0.0552,0.945,7.4e-05,1e-07,3e-06,1.4e-06,2.4e-07,1
0.000817,0.999,9.084e-05,1e-07,5.3e-06,5e-07,6e-08,1
7.43e-05,0.999,2.15e-05,0.0,0.001105,2.4e-07,1e-07,1
2.503e-05,1.0,6e-06,0.0,5.03e-05,1e-07,1e-07,1
2.5e-06,1.0,6.74e-06,0.0,6e-08,0.0,0.0,1
2.56e-06,1.0,6e-08,0.0,6e-08,6e-08,6e-08,1
1.0,0.0001489,0.0,0.0,0.0,1e-07,2.4e-07,1
0.987,0.01302,6e-08,0.0,0.0,3.6e-07,3.6e-07,1
0.988,0.01243,1.85e-06,6e-08,6e-08,6e-07,3.34e-06,1
1.0,0.0002415,6e-08,0.0,6e-08,2.4e-07,0.0,1
0.9995,0.0002632,1e-07,0.0,0.0,2e-07,0.0,1
1.0,0.0001448,2.4e-07,0.0,0.0,2.4e-07,0.0,1
1.0,2.015e-05,8.3e-07,0.0,0.0,6e-08,6e-08,1
1.0,1.8e-06,9.5e-07,0.0,0.0,6e-08,1e-07,1
0.9995,9.06e-05,0.0001088,4.7e-06,0.0003312,6e-07,1.05e-05,1
1.0,3.5e-06,9.5e-07,6e-08,1e-07,2e-07,5e-07,1
0.0001491,1.0,1e-07,6e-08,5.1e-06,2e-07,1e-07,1
0.00881,0.991,4e-07,0.0,8e-07,1e-07,0.0,1
0.8276,0.1721,1.174e-05,0.0,1e-07,7e-07,1e-07,1
0.9995,0.0004566,3.49e-05,0.0,0.0,6e-08,0.0,1
5.34e-05,0.007206,0.9927,0.0,2.74e-06,6e-08,0.0,1
7.933e-05,3.6e-07,1.0,0.0,0.0,0.0,0.0,1
0.003252,0.0478,0.9487,0.0,1.9e-06,2.4e-07,0.0,1
5.4e-07,1.0,6e-08,6e-08,1e-07,6e-08,0.0,1
6e-07,1.0,1e-07,0.0,1e-07,6e-08,0.0,1
1.0,0.0001293,2e-07,0.0,0.0,1e-07,6e-08,1
0.9985,0.001579,6e-08,0.0,0.0,2e-07,6e-08,1
1.0,0.0001289,1e-07,0.0,0.0,2e-07,0.0,1
6e-08,1.0,0.0,0.0,0.0,0.0,0.0,1
6e-06,1.0,0.0,6e-08,6e-08,3e-07,0.0,1
8.3e-07,1.0,4e-07,6e-08,1e-07,6e-08,6e-08,1
1e-07,1.0,0.0,0.0,0.0,0.0,0.0,1
1.0,2.754e-05,2.4e-07,0.0,0.0,6e-08,6e-08,1
0.0001019,1.0,4e-07,0.0,1e-06,1e-07,6e-08,1
1.0,7.766e-05,5e-07,0.0,0.0,2e-07,8e-07,1
1.0,1.3e-06,2.9e-06,1e-07,0.0,1e-07,3.7e-06,1
8.27e-05,1.0,2e-07,0.0,6e-08,6e-08,6e-08,1
6.79e-05,1.0,1e-06,6e-08,1.6e-06,3e-07,6.6e-07,1
0.0002537,0.9995,1e-06,0.0,9e-07,2.4e-07,6e-07,1
3.16e-06,1.0,1e-07,0.0,0.0,0.0,0.0,1
2.4e-07,1.0,0.0,0.0,0.0,0.0,0.0,1
1e-07,1.0,0.0,0.0,0.0,0.0,0.0,1
0.03079,0.137,0.832,1e-07,3.16e-06,1.1e-06,1e-07,1
6e-07,1.0,0.0,0.0,0.0,0.0,0.0,1
0.0001259,1.0,3.76e-06,1e-07,8e-07,2e-07,1e-07,1
1.0,3.34e-06,1e-07,0.0,0.0,6e-08,0.0,1
0.991,0.004066,2.2e-06,0.0,2e-07,0.0047,2e-07,1
0.000307,0.9995,4.345e-05,1e-07,3e-06,5e-07,3e-07,1
0.0002453,0.9995,2.26e-06,1e-07,7.4e-06,6e-07,9.5e-07,1
0.9995,0.000591,2e-07,0.0,0.0,2e-07,1.1e-06,1
0.002924,9.06e-06,0.997,7.93e-05,0.0,0.0,0.0,1
0.0001535,1.0,3.8e-06,6e-08,8.3e-07,2e-07,6e-08,1
0.4397,0.545,0.01543,2.86e-06,3.254e-05,1.305e-05,4.95e-06,1
1.98e-05,1.0,4e-06,6e-08,2.6e-06,2e-07,6e-08,1
0.002028,1.7e-06,6.557e-05,6e-08,0.998,4e-07,4.005e-05,1
0.4495,0.551,1.09e-05,6e-07,4.745e-05,2.1e-06,1e-06,1
1.0,2.29e-05,1e-07,2e-07,0.0,6e-08,0.0,1
0.004868,1.585e-05,0.995,0.0,6e-07,0.0,0.0,1
0.5757,0.4243,4.77e-06,1e-07,5e-07,1.67e-06,2.4e-07,1
0.2139,0.09235,0.4438,1.25e-06,0.25,1.293e-05,1.57e-05,1
7.004e-05,1.0,1.25e-06,1e-07,2.57e-05,3e-07,4e-07,1
1.0,0.0002183,6e-08,0.0,0.0,6e-08,9e-07,1
0.958,0.04208,6.6e-07,0.0,6e-08,2e-07,3e-07,1
3.98e-05,3.75e-05,1.0,0.0,3e-07,0.0,0.0,1
0.00561,0.9775,0.01624,4.4e-06,0.0005946,4.77e-06,4.53e-06,1
0.0003927,0.9995,5.805e-05,0.0,5e-07,1e-07,6e-08,1
0.999,0.001012,2.5e-06,0.0,6e-08,2e-07,1e-07,1
0.9556,0.04434,4e-07,0.0,1e-07,5e-07,1e-07,1
0.00012124,1.22e-05,1.0,0.0,2.1e-06,0.0,6e-08,1
1.5e-06,1.0,3.1e-06,0.0,3e-07,0.0,0.0,1
0.5254,0.4746,1.13e-06,1e-07,7.2e-06,3.46e-06,3.6e-07,1
0.01374,0.9863,3.6e-07,0.0,6e-07,3e-07,1e-07,1
0.001221,0.9985,1.07e-05,0.0,3.284e-05,1e-07,0.0,1
0.5156,0.4844,3.09e-05,2e-07,7.25e-05,1.7e-06,4e-07,1
0.01408,0.4932,0.001329,1.31e-05,0.4912,4.2e-06,4e-07,1
0.00351,0.864,0.1324,7e-07,3.93e-05,2e-06,2.4e-07,1
0.0768,0.9175,0.005795,2.4e-07,4e-06,4.35e-06,1.1e-06,1
0.002693,0.997,3.6e-06,6e-08,1.85e-06,1.5e-06,3.034e-05,1
0.00919,0.9907,1.7e-06,2e-07,9e-07,3.46e-06,2.99e-05,1
0.012726,0.9873,9.54e-06,1e-07,1.4e-06,2.26e-06,2.116e-05,1
0.005337,1.615e-05,6.5e-06,1e-07,0.9917,3.04e-06,0.003046,1
0.0003302,0.9995,3.916e-05,6e-08,1e-05,3.6e-07,6e-08,1
0.0001494,1.0,1.544e-05,6e-08,4.4e-06,3e-07,6e-08,1
0.0001553,1.0,5e-07,0.0,2.4e-07,2e-07,6e-08,1
0.000619,0.9995,5.4e-07,0.0,3e-07,2e-07,6e-08,1
0.0001564,0.9995,3.93e-06,1e-07,0.0002074,4e-07,1e-07,1
0.0002226,1.0,3e-06,0.0,2e-07,6e-08,1e-07,1
0.000834,0.9966,0.00253,6e-08,6.54e-05,5e-07,0.0,1
4.88e-05,1.0,4.77e-06,6e-08,0.0001835,3.6e-07,2.2e-06,1
0.0001321,1.0,1e-07,0.0,6e-08,1e-07,6e-08,1
0.259,0.7407,3.67e-05,6.6e-07,2.4e-07,2.5e-06,4.16e-05,1
5.007e-05,1.1e-06,5.55e-05,1.0,5e-07,0.0,0.0,1
0.0002453,0.998,0.0001402,2.4e-07,0.001768,1.4e-06,6e-08,1
0.0884,0.3323,0.507,3.4e-06,0.0726,1.75e-05,2.4e-07,1
0.655,3.16e-06,0.1427,0.2028,1e-07,3e-07,6e-08,1
0.004715,0.0005407,0.9946,6e-08,6.6e-06,6e-08,0.0,1
0.9995,0.000659,1e-07,0.0,0.0,1e-07,0.0,1
1.0,4.65e-05,6e-08,0.0,0.0,1e-07,0.0,1
0.010735,0.9893,1.43e-06,2e-07,7.45e-06,8.3e-07,5.3e-06,1
0.000424,0.9995,2.5e-06,0.0,1.97e-06,2e-07,0.0,1
1.0,7.933e-05,8e-07,0.0,3.6e-07,1e-07,1e-07,1
0.0002856,0.9995,4.7e-06,0.0,2.4e-07,1e-07,0.0,1
0.0,0.0,0.0,1e-07,0.0,1.0,0.0,5
2e-07,0.0,0.0,0.0003583,0.0,0.9995,0.0,5
6.455e-05,0.015015,5.9e-06,0.985,0.0,1.746e-05,0.0,5
0.0854,0.262,2e-07,0.04376,0.0,0.609,1e-07,5
8.17e-06,1.0,0.0,0.0,0.0,0.0,0.0,5
9e-07,1.0,0.0,0.0,0.0,0.0,0.0,5
0.0,1.0,0.0,0.0,0.0,0.0,0.0,5
6e-08,1.0,0.0,8.3e-07,0.0,1.3e-06,0.0,5
5.8e-06,0.005363,0.0,6.58e-05,0.0,0.9946,0.0,5
5e-07,7.2e-06,0.0,7e-07,0.0,1.0,0.0,5
3e-07,1.0,0.0,0.0,0.0,1e-07,0.0,5
0.9497,0.05014,9e-07,9.8e-06,0.0,5.4e-06,3.6e-06,5
1.0,2.4e-07,2e-07,0.0,0.0,2e-07,0.0,5
0.0,0.0,0.0,0.0,0.0,1.0,0.0,5
0.998,1e-07,0.0021,6e-08,0.0,1e-07,5e-07,5
1.0,3.6e-07,1.5e-06,0.0,0.0,5e-07,3e-07,5
0.0,0.0,0.0,0.0,0.0,1.0,0.0,5
0.0,0.0,0.0,0.0,0.0,1.0,0.0,5
0.0,0.0,0.0,0.0,0.0,1.0,0.0,5
0.0,0.0,0.0,0.0,0.0,1.0,0.0,5
1.3e-05,0.0,0.0,0.0,0.0,1.0,0.0,5
0.0,0.0,0.0,0.0,0.0,1.0,0.0,5
6e-08,0.0,0.0,0.0,0.0,1.0,0.0,5
0.0,0.0,0.0,0.0,0.0,1.0,0.0,5
0.0,0.0,0.0,0.0,0.0,1.0,0.0,5
0.0,0.0,0.0,0.0,0.0,1.0,0.0,5
0.0,0.0,0.0,0.0,0.0,1.0,0.0,5
0.0003066,0.0,4e-07,0.0,0.0,0.9995,1e-07,5
1.4e-06,0.0,0.0,1.0,0.0,0.0,0.0,3
0.0,0.0,0.0,1.0,0.0,0.0,0.0,3
6e-08,6e-08,6e-08,1.0,0.0,6e-08,0.0,3
0.0,0.0,0.0,1.0,0.0,0.0,0.0,3
0.0,0.0,0.0,1.0,0.0,0.0,0.0,3
6e-08,6e-07,0.0,1.0,0.0,0.0,0.0,3
0.0,0.0,0.0,1.0,0.0,0.0,1.2e-06,3
0.0,0.0,0.0,1.0,0.0,0.0,0.0,3
2.6e-06,1.0,2e-07,5.6e-06,0.0,0.0,0.0,3
6.6e-07,0.0695,6e-08,0.9307,0.0,1e-07,0.0,3
0.0,0.0,0.0,1.0,0.0,0.0,0.0,3
6e-08,4.4e-06,0.0,1.0,0.0,6e-08,6e-08,3
0.0,0.0,0.0,1.0,0.0,0.0,0.0,3
1e-07,0.0,0.0,1.0,0.0,0.0,0.0,3
1.8e-06,0.0,0.0,1.0,0.0,0.0,0.0,3
0.001235,0.002,0.9966,2e-06,3e-07,3e-07,0.0,3
0.0001744,3.16e-06,0.1571,0.843,9e-07,1e-06,6e-08,3
2.05e-05,2.9e-06,1.7e-06,1.0,6e-08,2.4e-07,0.0,3
6e-08,6e-08,0.0,1.0,0.0,0.0,0.0,3
1.156e-05,1.6e-06,0.0,1.0,0.0,6e-08,0.0,3
0.0,0.0,0.0,1.0,0.0,0.0,0.0,3
2.4e-07,0.0,0.0,1.0,0.0,5e-07,0.0,3
0.718,4.476e-05,0.000874,0.2812,2.545e-05,2.26e-06,3e-07,3
5e-07,0.0,6e-08,1.0,0.0,0.0,0.0,3
7e-07,0.0,2.2e-06,1.0,0.0,1e-07,0.0,3
8.94e-06,1.0,0.0,6e-08,0.0,0.0,0.0,3
6e-08,0.0,0.0,1.0,0.0,0.0,0.0,3
0.0,0.0,0.0,1.0,0.0,0.0,0.0,3
0.0,0.0,0.0,1.0,0.0,0.0,0.0,3
0.0,0.0,0.0,1.0,0.0,0.0,0.0,3
8.3e-07,0.0,0.0,1.0,0.0,0.0,0.0,3
0.0,0.0,0.0,1.0,0.0,0.0,0.0,3
1e-06,3e-07,6e-08,1.0,6e-08,0.0,0.0,3
0.0,0.0,0.0,1.0,0.0,0.0,0.0,3
0.0,0.0,0.0,1.0,0.0,0.0,0.0,3
0.0,0.0,0.0,1.0,0.0,0.0,0.0,3
0.0,0.0,0.0,1.0,0.0,0.0,0.0,3
0.76,1e-07,0.00379,0.2363,4.86e-05,7.254e-05,3e-07,3
4.1e-06,6e-08,1.0,2e-07,6e-08,0.0,0.0,3
4e-07,0.0,1.0,0.0,6e-08,0.0,0.0,3
0.0,0.0,0.0,1.0,0.0,0.0,0.0,3
0.0,0.0,0.0,1.0,0.0,0.0,0.0,3
0.007965,2.4e-07,0.992,1.36e-05,6e-08,0.0,0.0,3
0.0,0.0,0.0,1.0,0.0,0.0,0.0,3
0.0,0.0,0.0,1.0,0.0,0.0,0.0,3
0.0,2.15e-06,6e-08,1.0,0.0,0.0,0.0,3
0.01044,2.4e-06,0.04437,3.6e-07,0.9453,1.7e-06,1.97e-05,3
0.0,0.0,0.0,1.0,0.0,0.0,0.0,3
0.0,0.0,0.0,1.0,0.0,0.0,0.0,3
0.0,0.0,0.0,1.0,0.0,0.0,0.0,3
1.46e-05,3e-07,0.7627,0.2372,7.9e-05,5.2e-06,8.46e-06,3
0.0,0.0,0.0,1.0,0.0,0.0,0.0,3
6e-08,0.0,0.0,1.0,0.0,0.0,0.0,3
0.0,0.0,0.0,1.0,0.0,0.0,0.0,3
6e-08,0.0,0.0,1.0,0.0,0.0,0.0,3
5.7e-06,6e-08,0.8267,0.1733,2.104e-05,4e-07,0.0,3
0.0,0.0,0.0,1.0,0.0,0.0,0.0,3
0.0,0.0,0.0,1.0,0.0,0.0,0.0,3
0.0,0.0,0.0,1.0,0.0,0.0,0.0,3
1.0,0.0001975,6e-08,1.6e-06,2.4e-07,3e-07,6e-08,3
0.0821,2.09e-05,1e-07,0.918,4.95e-06,1.97e-06,1.43e-06,3
0.9473,3.874e-05,7.8e-06,0.0526,2.26e-06,3.5e-06,1.5e-06,3
0.0,0.0,0.0,1.0,0.0,0.0,0.0,3
0.0,0.0,0.0,1.0,0.0,0.0,0.0,3
0.0,0.0,0.0,1.0,0.0,0.0,0.0,3
5.1e-06,1e-07,0.9995,0.0004158,3.6e-07,6e-08,0.0,3
6e-08,0.0,0.0,1.0,0.0,0.0,0.0,3
0.0,0.0,0.0,1.0,6e-08,0.0,0.0,3
6.6e-07,0.0,1.85e-06,0.9995,0.0002658,5e-07,4.05e-06,3
3.61e-05,0.0,4.756e-05,1.0,3.6e-07,1.7e-06,0.0,3
0.7827,0.0,2.15e-06,0.2173,0.0,1.55e-06,1e-07,3
2.956e-05,0.0,0.0,1.0,0.0,6e-08,0.0,3
0.9995,2e-07,6.37e-05,0.0003161,0.0001086,1.144e-05,1.1e-06,3
3.5e-06,6e-08,1.48e-05,0.999,0.000758,5e-07,2.1e-06,3
6e-08,0.0,9.5e-07,1.0,8.3e-06,2e-07,1.26e-05,3
2.86e-06,6e-08,6.6e-07,1.0,0.0001628,6e-07,7e-06,3
0.000155,8.3e-07,1.55e-06,0.9995,0.0003035,6e-07,6.6e-07,3
1e-07,0.0,0.0,1.0,0.0,0.0,0.0,3
0.0,0.0,0.0,1.0,6.6e-07,6e-08,0.0,3
1.13e-06,0.0,0.0,1.0,0.0,6e-08,0.0,3
0.0,0.0,0.0,1.0,0.0,0.0,0.0,3
5.4e-07,0.9697,0.0001002,0.03009,1e-07,1e-07,0.0,3
6e-08,5.3e-06,2.4e-06,1.0,0.0,0.0,0.0,3
3.946e-05,0.0,0.001245,2.9e-06,0.9985,1e-07,2e-07,3
5e-07,2.4e-07,0.01519,0.985,9.5e-07,2e-07,0.0,3
0.0,0.0,0.0,1.0,0.0,0.0,0.0,3
0.0,0.0,0.0,1.0,0.0,0.0,0.0,3
0.002651,0.0,0.9966,0.0005546,4.2e-06,3e-07,6e-08,3
0.9893,6e-08,0.01095,9.1e-06,6e-08,3.6e-07,1e-07,3
1.0,2.43e-05,6e-08,0.0,0.0,6e-08,0.0,0
1.0,2.2e-06,2e-07,0.0,0.0,0.0,0.0,0
1.0,1.6e-06,3.6e-07,0.0,0.0,6e-08,0.0,0
1.0,1.42e-05,5e-07,0.0,0.0,6e-08,6e-08,0
1.0,8.9e-06,2e-07,0.0,6e-08,6e-08,6e-08,0
1.0,5e-07,2.4e-07,0.0,0.0,6e-08,6e-08,0
1.0,1.15e-05,2e-07,0.0,0.0,6e-08,0.0,0
1.0,5.5e-06,8e-07,0.0,6e-08,6e-08,6e-08,0
1.0,1e-07,6e-07,0.0,0.0,6e-08,0.0,0
1.0,1.25e-06,2.6e-06,0.0,6e-08,1e-07,3e-07,0
1.0,1.4e-06,1.4e-06,0.0,6e-08,6e-08,2.4e-07,0
1.0,6.5e-06,1e-06,0.0,6e-08,6e-08,3e-07,0
1.0,4e-07,8.17e-06,0.0,0.0,6e-08,4e-07,0
1.0,1.14e-05,1e-07,0.0,0.0,1e-07,6e-08,0
1.0,5.4e-07,2e-07,0.0,0.0,6e-08,2e-07,0
1.0,1e-07,6e-08,0.0,0.0,6e-08,0.0,0
1.0,0.0002208,2.4e-07,0.0,1e-07,1e-07,0.0,0
1.0,1.55e-06,2e-07,0.0,0.0,6e-08,0.0,0
1.0,3e-07,9.5e-07,0.0,0.0,6e-08,6e-08,0
1.0,1e-06,6e-08,0.0,0.0,6e-08,0.0,0
1.0,1e-07,1e-07,0.0,0.0,6e-08,1e-07,0
1.0,3.6e-07,2e-07,0.0,0.0,6e-08,6e-08,0
1.0,8e-07,3e-07,0.0,0.0,6e-08,0.0,0
1.0,1.6e-06,6.6e-07,0.0,0.0,0.0,6e-08,0
1.0,1.13e-06,6e-08,0.0,0.0,6e-08,6e-08,0
1.0,6.6e-07,3.6e-07,0.0,0.0,6e-08,1e-07,0
1.0,2.7e-06,3.6e-07,0.0,0.0,6e-08,6e-08,0
1.0,1.1e-06,2.4e-07,0.0,0.0,0.0,0.0,0
1.0,3.7e-06,6e-08,0.0,0.0,6e-08,6e-08,0
1.0,1.5e-06,2.4e-07,0.0,0.0,0.0,0.0,0
1.0,6.26e-06,2e-07,0.0,0.0,1e-07,0.0,0
1.0,2.2e-06,6e-08,0.0,0.0,6e-08,0.0,0
1.0,2.44e-06,2.9e-06,0.0,0.0,0.0,0.0,0
1.0,5.2e-06,5.96e-06,6e-08,4e-07,2.4e-07,1e-07,0
1.0,3.17e-05,3e-07,0.0,0.0,1e-07,1e-07,0
1.0,9.5e-06,1e-07,0.0,0.0,6e-08,0.0,0
1.0,2e-07,1e-07,0.0,0.0,0.0,6e-08,0
1.0,8e-07,9e-06,0.0,6e-08,6e-08,3e-07,0
1.0,7.7e-06,2e-07,0.0,0.0,6e-08,6e-08,0
1.0,9e-07,1e-07,0.0,0.0,6e-08,0.0,0
1.0,2.7e-06,2.4e-07,0.0,0.0,6e-08,1e-07,0
1.0,3e-07,2.4e-07,0.0,0.0,6e-08,0.0,0
1.0,2.4e-07,2.4e-07,0.0,0.0,6e-08,0.0,0
1.0,1.8e-06,2e-07,0.0,0.0,6e-08,6e-08,0
1.0,9.5e-07,2.4e-07,0.0,0.0,6e-08,0.0,0
1.0,7e-07,7e-07,0.0,0.0,6e-08,1e-07,0
1.0,2.1e-06,2e-07,0.0,0.0,0.0,0.0,0
1.0,9.4e-06,4e-07,0.0,0.0,6e-08,0.0,0
1.0,9.95e-06,1e-07,0.0,0.0,6e-08,0.0,0
1.0,2.5e-06,3e-07,0.0,0.0,6e-08,2e-07,0
1.0,2.86e-06,3e-07,0.0,0.0,6e-08,0.0,0
1.0,8.3e-07,2.4e-07,0.0,0.0,6e-08,6e-08,0
1.0,4.1e-06,1.13e-06,0.0,0.0,6e-08,2.4e-07,0
1.0,3e-07,8e-07,0.0,0.0,6e-08,3.6e-07,0
1.0,2.4e-07,2.4e-07,0.0,0.0,6e-08,0.0,0
1.0,1.43e-06,6.6e-07,0.0,0.0,6e-08,0.0,0
1.0,1e-07,3e-07,0.0,0.0,6e-08,6e-08,0
1.0,1.1e-06,4e-07,0.0,0.0,6e-08,1e-07,0
1.0,1.25e-06,3.6e-07,0.0,0.0,6e-08,6e-08,0
1.0,6.7e-06,1.4e-06,0.0,6e-08,6e-08,6e-08,0
1.0,8.3e-06,3.6e-07,0.0,0.0,1e-07,6e-08,0
1.0,1.55e-06,4e-07,0.0,0.0,6e-08,6e-08,0
1.0,6.6e-07,6e-08,0.0,0.0,6e-08,0.0,0
1.0,5.07e-06,5e-07,0.0,0.0,6e-08,6e-08,0
1.0,8.7e-06,1.943e-05,0.0,0.0,6e-08,0.0,0
1.0,1.62e-05,6e-08,0.0,0.0,6e-08,6e-08,0
1.0,1.97e-06,8.3e-07,0.0,0.0,6e-08,2e-07,0
1.0,2.26e-06,0.00012004,6e-08,2e-07,6e-08,7e-07,0
1.0,2.9e-06,1.3e-06,0.0,0.0,0.0,0.0,0
1.0,5.4e-07,7e-07,0.0,0.0,0.0,0.0,0
1.0,4.3e-06,9e-07,0.0,0.0,0.0,0.0,0
1.0,1e-07,1.55e-06,0.0,0.0,6e-08,6e-08,0
1.0,1.7e-06,8.3e-07,0.0,0.0,6e-08,1e-07,0
1.0,1.6e-06,1e-07,0.0,0.0,6e-08,3.6e-07,0
1.0,6e-07,5e-07,0.0,0.0,1e-07,1e-07,0
1.0,5.7e-06,2.4e-07,0.0,0.0,6e-08,6e-08,0
1.0,1.85e-06,5e-07,0.0,0.0,6e-08,6e-08,0
1.0,2.9e-06,2e-07,0.0,0.0,0.0,0.0,0
1.0,8.3e-07,1e-07,0.0,0.0,6e-08,6e-08,0
1.0,1e-06,3.6e-07,0.0,0.0,6e-08,6e-08,0
1.0,1e-07,2.4e-07,0.0,0.0,0.0,6e-08,0
1.0,1.5e-05,1.7e-06,0.0,6e-08,2e-07,6e-08,0
1.0,4e-06,4e-06,0.0,0.0,1e-07,5e-07,0
1.0,1.67e-06,2.4e-07,0.0,0.0,6e-08,1e-07,0
1.0,2.4e-07,2e-07,6e-08,0.0,6e-08,0.0,0
1.0,5.07e-06,7e-07,0.0,0.0,6e-08,0.0,0
1.0,9e-07,1e-07,0.0,0.0,0.0,0.0,0
1.0,4e-07,1e-07,0.0,0.0,0.0,0.0,0
1.0,1e-07,2.8e-06,0.0,0.0,0.0,1e-07,0
1.0,1.25e-06,1e-07,0.0,0.0,0.0,0.0,0
1.0,3.3e-06,6e-08,0.0,0.0,0.0,0.0,0
1.0,2.26e-06,2.4e-07,0.0,0.0,6e-08,0.0,0
1.0,2.15e-06,2e-07,0.0,0.0,6e-08,1e-07,0
1.0,2.51e-05,1.43e-06,0.0,0.0,6e-08,6e-08,0
1.0,0.0,1e-07,0.0,0.0,6e-08,0.0,0
0.9995,0.0004673,0.0,0.0,0.0,2.4e-07,0.0,0
1.0,5e-07,5e-07,0.0,0.0,6e-08,5e-07,0
1.0,1e-07,5.4e-07,0.0,0.0,0.0,1e-07,0
1.0,5.4e-07,2.6e-06,0.0,0.0,6e-08,6e-08,0
1.0,1.69e-05,1.2e-06,6e-08,6e-08,2.4e-07,6.6e-07,0
1.0,1.985e-05,6e-08,0.0,0.0,6e-08,6e-08,0
1.0,5.36e-06,2.4e-07,6e-08,0.0,6e-07,1e-07,0
1.0,9.5e-07,5.7e-06,0.0,0.0,6e-08,6e-08,0
1.0,1.9e-06,2e-07,0.0,0.0,6e-08,0.0,0
1.0,7e-07,3.6e-07,0.0,0.0,6e-08,6e-08,0
1.0,5.96e-06,1e-07,0.0,0.0,6e-08,0.0,0
1.0,9e-07,8.3e-07,0.0,0.0,6e-08,1e-07,0
1.0,1e-07,4.1e-06,0.0,0.0,6e-08,0.0,0
1.0,5.4e-07,6.6e-07,0.0,0.0,6e-08,2e-07,0
1.0,3.6e-07,3e-07,0.0,0.0,0.0,6e-08,0
1.0,9e-07,1e-07,0.0,0.0,0.0,6e-08,0
1.0,9e-07,4e-07,0.0,0.0,6e-08,6e-08,0
1.0,6.85e-06,1.33e-05,6e-08,1e-06,3.6e-07,8e-07,0
1.0,4.6e-06,1.216e-05,0.0,6e-08,6e-08,1e-07,0
1.0,5e-07,2e-07,0.0,0.0,0.0,2e-07,0
1.0,9e-07,1e-07,0.0,0.0,6e-08,0.0,0
1.0,5.25e-06,1e-07,0.0,0.0,6e-08,6e-08,0
1.0,1.67e-06,7e-07,0.0,0.0,0.0,6e-08,0
1.0,3.8e-06,1e-07,0.0,0.0,6e-08,6e-08,0
1.0,9e-07,2e-07,0.0,0.0,0.0,6e-08,0
1.0,2.4e-07,3.04e-06,0.0,0.0,0.0,0.0,0
1.0,1.8e-06,6.6e-07,6e-08,0.0,2.4e-07,1e-06,0
1.0,4.65e-06,5.4e-07,0.0,0.0,6e-08,0.0,0
1.0,7e-07,2.4e-07,0.0,0.0,6e-08,1e-07,0
1.0,5.4e-07,6e-08,0.0,0.0,1e-07,6e-08,0
1.0,2e-07,2.15e-06,0.0,0.0,6e-08,2.4e-07,0
1.0,2.5e-06,2.4e-07,0.0,0.0,6e-08,0.0,0
1.0,1.5e-06,3e-07,0.0,0.0,6e-08,0.0,0
1.0,1.55e-05,6e-08,0.0,0.0,6e-08,0.0,0
1.0,9e-07,1e-07,0.0,0.0,2.4e-07,0.0,0
1.0,6.6e-07,1e-07,0.0,0.0,0.0,0.0,0
1.0,3.64e-06,2.56e-06,0.0,0.0,0.0,0.0,0
1.0,1.55e-06,0.0,0.0,0.0,6e-08,0.0,0
1.0,5.25e-06,1.5e-06,0.0,0.0,6e-08,6e-08,0
1.0,6.6e-07,2.4e-07,0.0,0.0,6e-08,6e-08,0
1.0,1.43e-06,2.15e-06,0.0,0.0,6e-08,0.0,0
1.0,3.64e-06,0.0,0.0,0.0,1e-07,6e-08,0
1.0,2.4e-06,1e-07,0.0,0.0,0.0,6e-08,0
1.0,8e-07,3e-07,0.0,0.0,0.0,6e-08,0
1.0,9.5e-07,6e-08,0.0,0.0,6e-08,1e-07,0
1.0,9.1e-06,6e-08,0.0,0.0,6e-08,0.0,0
1.0,9.5e-07,3e-07,0.0,0.0,0.0,1e-07,0
1.0,9.7e-06,0.0,0.0,0.0,6e-08,0.0,0
1.0,1.6e-06,1e-07,0.0,0.0,0.0,6e-08,0
1.0,4e-07,2e-07,0.0,0.0,0.0,6e-08,0
1.0,1.3e-06,3.16e-06,0.0,6e-08,1e-07,3e-07,0
1.0,1.2e-06,1e-07,0.0,0.0,6e-08,6e-08,0
1.0,5e-07,1e-07,0.0,0.0,0.0,2e-07,0
1.0,6e-08,8.3e-07,0.0,0.0,0.0,8e-07,0
1.0,7e-07,4e-06,0.0,0.0,6e-08,3e-07,0
1.0,1.85e-06,1e-07,0.0,0.0,0.0,6e-08,0
1.0,8e-07,2e-07,0.0,0.0,6e-08,0.0,0
1.0,6.6e-07,6e-08,0.0,0.0,0.0,0.0,0
1.0,1.55e-06,2.4e-07,0.0,0.0,6e-08,0.0,0
1.0,2.39e-05,3e-07,0.0,0.0,6e-08,6e-08,0
1.0,7.874e-05,0.0,0.0,0.0,6e-08,0.0,0
1.0,4.65e-05,0.0,0.0,0.0,6e-08,0.0,0
1.0,3e-07,3e-07,0.0,0.0,0.0,3e-07,0
1.0,1.4e-06,1.1e-06,0.0,0.0,0.0,6e-08,0
1.0,6e-07,6e-08,0.0,0.0,0.0,0.0,0
1.0,1.186e-05,0.0,0.0,0.0,6e-08,0.0,0
1.0,3.93e-06,6e-08,0.0,0.0,0.0,0.0,0
1.0,5e-07,3e-07,0.0,0.0,6e-08,3.6e-07,0
1.0,5.4e-07,2.4e-07,0.0,0.0,0.0,1e-07,0
1.0,6e-07,3.6e-06,0.0,0.0,6e-08,1e-07,0
1.0,2.39e-05,1e-07,0.0,0.0,6e-08,0.0,0
1.0,9.24e-06,1.13e-06,0.0,0.0,6e-08,0.0,0
1.0,2.15e-06,6e-08,0.0,0.0,0.0,0.0,0
1.0,1.55e-06,5e-07,0.0,0.0,6e-08,6e-08,0
1.0,1.1e-06,6e-08,0.0,0.0,0.0,6e-08,0
1.0,6.56e-06,2e-07,0.0,0.0,6e-08,6e-08,0
1.0,1.9e-06,6e-08,0.0,0.0,0.0,0.0,0
1.0,1.67e-06,6e-08,0.0,0.0,0.0,0.0,0
1.0,9.5e-07,1e-07,0.0,0.0,0.0,6e-08,0
1.0,5e-07,2.1e-06,0.0,0.0,6e-08,2.4e-07,0
1.0,4.476e-05,1e-07,0.0,0.0,1e-07,6e-08,0
1.0,5.07e-06,2e-07,0.0,0.0,6e-08,6e-08,0
1.0,3.04e-06,1e-07,0.0,0.0,6e-08,0.0,0
1.0,0.0001015,1e-07,0.0,0.0,2e-07,0.0,0
1.0,1.25e-06,3e-07,0.0,0.0,0.0,6e-08,0
1.0,2.84e-05,2.4e-07,0.0,6e-08,6e-08,0.0,0
1.0,1.1e-06,2.9e-06,0.0,0.0,6e-08,1e-07,0
1.0,1.6e-06,1.4e-06,0.0,6e-08,6e-08,6e-08,0
1.0,2.7e-06,6e-08,0.0,0.0,0.0,0.0,0
1.0,2.2e-06,6e-08,0.0,0.0,0.0,0.0,0
1.0,1.34e-05,6e-08,0.0,0.0,6e-08,0.0,0
1.0,3.3e-06,2.4e-07,0.0,0.0,6e-08,6e-08,0
1.0,6.6e-07,1e-07,0.0,0.0,0.0,0.0,0
1.0,6.6e-07,4e-07,0.0,0.0,6e-08,5e-07,0
1.0,1e-07,2e-07,0.0,0.0,0.0,0.0,0
1.0,4.4e-06,2e-06,0.0,6e-08,1e-07,5e-07,0
1.0,2.26e-06,6e-08,0.0,0.0,0.0,0.0,0
1.0,5.4e-07,2.515e-05,6e-08,0.0,1e-07,8.4e-06,0
1.0,5e-07,2e-07,0.0,0.0,0.0,1e-07,0
1.0,1.7e-06,1e-07,0.0,0.0,6e-08,0.0,0
1.0,2.2e-06,6e-08,0.0,0.0,0.0,6e-08,0
1.0,1.8e-06,3e-07,0.0,0.0,0.0,0.0,0
1.0,7.45e-06,3.6e-07,0.0,0.0,6e-08,0.0,0
1.0,2e-06,6e-08,0.0,0.0,0.0,0.0,0
1.0,5.805e-05,3e-07,0.0,0.0,6e-08,6e-08,0
1.0,3e-07,9e-07,0.0,0.0,0.0,0.0,0
1.0,3.6e-07,3.6e-07,0.0,0.0,0.0,6e-08,0
1.0,5.54e-06,6e-08,0.0,0.0,6e-08,0.0,0
1.0,4.7e-06,2e-07,0.0,0.0,6e-08,6e-08,0
1.0,2.4e-07,1e-07,0.0,0.0,0.0,0.0,0
1.0,1.55e-06,2.444e-05,0.0,0.0,6e-08,0.0,0
1.0,9.5e-07,5e-07,0.0,0.0,0.0,6e-08,0
1.0,3.6e-07,2e-07,0.0,0.0,0.0,6e-08,0
1.0,1.8e-06,5e-07,0.0,0.0,6e-08,6e-08,0
1.0,9.1e-06,9e-07,0.0,0.0,6e-08,0.0,0
1.0,1.25e-06,1.115e-05,0.0,0.0,6e-08,0.0,0
1.0,2.1e-06,1e-07,0.0,0.0,0.0,6e-08,0
1.0,4e-07,8e-07,0.0,0.0,0.0,1e-07,0
1.0,2.3e-06,1e-07,0.0,0.0,0.0,0.0,0
1.0,3.6e-07,3.6e-07,0.0,0.0,0.0,0.0,0
1.0,1e-07,5e-07,0.0,0.0,6e-08,1.22e-05,0
1.0,3.46e-06,2.4e-07,0.0,0.0,1e-07,6e-08,0
1.0,2.77e-05,1e-07,0.0,0.0,1e-07,6e-08,0
1.0,1.06e-05,4e-07,0.0,6e-08,6e-08,6e-08,0
1.0,1.51e-05,2.4e-07,0.0,0.0,6e-08,6e-08,0
1.0,3.296e-05,2e-07,0.0,0.0,6e-08,0.0,0
1.0,4.53e-06,5.4e-07,0.0,0.0,6e-08,6e-08,0
1.0,3e-07,3.6e-07,0.0,0.0,0.0,0.0,0
1.0,5.25e-06,4e-07,0.0,0.0,6e-08,6e-08,0
1.0,4e-07,1e-07,0.0,0.0,0.0,2.4e-07,0
1.0,4.23e-06,1e-06,0.0,0.0,6e-08,6e-08,0
1.0,1.2e-06,4e-07,0.0,0.0,0.0,0.0,0
1.0,4.1e-06,6e-07,0.0,0.0,6e-08,6e-08,0
1.0,6e-07,6e-07,0.0,0.0,0.0,6e-08,0
1.0,9.6e-06,1e-07,0.0,0.0,6e-08,0.0,0
1.0,1.13e-06,6e-08,0.0,0.0,0.0,0.0,0
1.0,1.2e-06,2e-07,0.0,0.0,6e-08,6e-08,0
1.0,6.4e-06,6e-08,0.0,0.0,6e-08,0.0,0
1.0,3.46e-06,0.0,0.0,0.0,0.0,0.0,0
1.0,2.9e-06,6e-08,0.0,0.0,6e-08,0.0,0
1.0,9e-07,2e-07,0.0,0.0,0.0,0.0,0
0.05145,0.9487,0.0,0.0,1e-07,4e-07,0.0,0
1.0,6e-08,1.2e-06,0.0,0.0,6e-08,1e-07,0
1.0,1.75e-05,6e-08,0.0,0.0,2e-07,6e-08,0
1.0,1.46e-05,6e-08,0.0,0.0,6e-08,0.0,0
1.0,1.7e-06,1e-06,0.0,0.0,6e-08,6e-08,0
1.0,2.56e-06,1.55e-06,0.0,6e-08,0.0,6e-08,0
1.0,5e-07,1.13e-06,0.0,0.0,6e-08,6e-08,0
1.0,6.6e-07,6e-08,0.0,0.0,6e-08,0.0,0
1.0,2.9e-06,6.6e-07,0.0,0.0,6e-08,2e-07,0
1.0,2.15e-06,2e-07,0.0,0.0,0.0,6e-08,0
1.0,4e-07,1e-07,0.0,0.0,0.0,6e-08,0
1.0,3.6e-07,3e-07,0.0,0.0,0.0,2e-07,0
1.0,5.4e-07,1e-07,0.0,0.0,0.0,6e-08,0
1.0,1.4e-06,5e-07,0.0,0.0,0.0,6e-08,0
1.0,3.1e-06,1e-07,0.0,0.0,6e-08,0.0,0
1.0,3e-07,2e-07,0.0,0.0,0.0,6e-08,0
1.0,1.3e-06,1e-07,0.0,0.0,0.0,6e-08,0
1.0,2.44e-06,4e-07,0.0,0.0,6e-08,1e-07,0
1.0,7e-07,2.4e-07,0.0,0.0,0.0,0.0,0
1.0,3.76e-06,3.6e-07,0.0,0.0,1e-07,6e-08,0
1.0,3.76e-06,1e-07,0.0,0.0,0.0,0.0,0
1.0,1.2e-06,4e-07,0.0,0.0,6e-08,6e-08,0
1.0,3e-06,2e-07,0.0,0.0,6e-08,6e-08,0
1.0,5.4e-07,2.4e-07,0.0,0.0,0.0,6e-08,0
1.0,8e-07,2.4e-07,0.0,0.0,0.0,6e-08,0
1.0,6.6e-07,6e-08,0.0,0.0,0.0,0.0,0
1.0,0.0,2e-07,1e-07,0.0,1e-07,1e-07,0
1.0,4.5e-06,6e-08,0.0,0.0,6e-08,0.0,0
1.0,4.7e-05,6e-08,0.0,0.0,6e-08,0.0,0
1.0,6.6e-07,6e-08,0.0,0.0,0.0,6e-08,0
1.0,6e-07,3.6e-07,0.0,0.0,0.0,6e-08,0
1.0,5.4e-07,5e-07,0.0,0.0,6e-08,0.0,0
1.0,1.8e-06,6e-08,0.0,0.0,0.0,0.0,0
1.0,2.4e-07,4e-07,0.0,0.0,0.0,3e-07,0
1.0,1.55e-06,1e-07,0.0,0.0,0.0,6e-08,0
1.0,3.28e-05,1e-07,0.0,0.0,6e-08,6e-08,0
1.0,2.7e-06,6e-08,0.0,0.0,6e-08,0.0,0
1.0,9e-07,6e-07,0.0,0.0,6e-08,6e-08,0
1.0,2e-07,2.4e-07,0.0,0.0,0.0,0.0,0
1.0,1.55e-06,6e-08,0.0,0.0,6e-08,1e-07,0
1.0,2.4e-07,1e-07,0.0,0.0,0.0,6e-08,0
1.0,4.35e-06,2.4e-07,0.0,0.0,6e-08,0.0,0
1.0,2.4e-06,2e-07,0.0,0.0,0.0,0.0,0
0.9995,4e-07,0.0006986,6e-08,1e-07,1e-07,3.6e-07,0
1.0,9.5e-07,2e-07,0.0,0.0,0.0,0.0,0
1.0,1.1e-06,1e-07,0.0,0.0,0.0,1e-07,0
1.0,4.65e-06,1e-07,0.0,0.0,0.0,0.0,0
1.0,1e-07,4e-07,0.0,0.0,0.0,0.0,0
1.0,2.97e-05,2.4e-07,0.0,6e-08,6e-08,6e-08,0
1.0,1.115e-05,2.4e-07,0.0,0.0,6e-08,2e-07,0
1.0,2.15e-06,3e-07,0.0,0.0,6e-08,2.4e-07,0
1.0,1.37e-05,1.2e-06,0.0,6e-08,6e-08,0.0,0
1.0,1.1e-06,6e-08,0.0,0.0,0.0,0.0,0
1.0,1.8e-06,2e-07,0.0,0.0,0.0,0.0,0
1.0,2.5e-06,1e-07,0.0,0.0,6e-08,6e-08,0
0.9585,0.0,0.04147,2.4e-07,2.4e-07,1e-07,2.4e-07,0
1.0,1.1e-06,3.6e-07,0.0,0.0,0.0,6e-08,0
1.0,1.16e-05,1e-07,0.0,0.0,6e-08,0.0,0
1.0,1.1e-06,1e-07,0.0,0.0,0.0,0.0,0
1.0,4e-07,3e-07,0.0,0.0,6e-08,6e-08,0
1.0,5.4e-07,5.4e-07,0.0,0.0,6e-08,6e-08,0
1.0,1.5e-06,1e-07,0.0,0.0,6e-08,0.0,0
1.0,2.2e-06,1.454e-05,0.0,6e-08,6e-08,6e-08,0
1.0,5e-07,2e-07,0.0,0.0,0.0,0.0,0
1.0,3.04e-06,1.425e-05,0.0,6e-08,6e-08,6e-08,0
1.0,1.55e-06,4e-07,0.0,0.0,6e-08,1e-07,0
1.0,5.4e-07,2.4e-07,0.0,0.0,0.0,0.0,0
1.0,4.3e-06,6e-08,0.0,0.0,0.0,0.0,0
1.0,8e-07,1.9e-06,0.0,0.0,6e-08,1e-07,0
1.0,6e-08,3.16e-06,0.0,0.0,0.0,6e-08,0
1.0,2e-06,1.4e-06,0.0,0.0,6e-08,6e-08,0
1.0,6.9e-06,1e-07,0.0,0.0,6e-08,6e-08,0
1.0,3e-07,1e-07,0.0,0.0,0.0,0.0,0
1.0,5.4e-07,2e-07,0.0,0.0,0.0,6e-08,0
1.0,5e-07,1e-07,0.0,0.0,0.0,6e-08,0
1.0,8e-07,1e-07,0.0,0.0,0.0,0.0,0
1.0,2.927e-05,6e-08,0.0,0.0,6e-08,0.0,0
1.0,2e-07,4e-07,0.0,0.0,0.0,0.0,0
1.0,6e-08,9.5e-07,0.0,0.0,0.0,1e-07,0
1.0,2.2e-06,6e-08,0.0,0.0,0.0,0.0,0
1.0,3.6e-07,6e-08,0.0,0.0,0.0,0.0,0
1.0,1.6e-06,7e-07,0.0,0.0,0.0,0.0,0
1.0,8.3e-07,2.4e-07,0.0,0.0,0.0,0.0,0
1.0,9.5e-07,2e-07,0.0,0.0,6e-08,6e-08,0
1.0,6e-07,6e-08,0.0,0.0,0.0,0.0,0
1.0,9e-07,3.6e-07,0.0,0.0,0.0,2e-07,0
1.0,8.3e-07,2.4e-07,0.0,0.0,0.0,0.0,0
1.0,9e-07,3.6e-07,0.0,0.0,0.0,6e-08,0
1.0,6e-07,5e-07,0.0,0.0,6e-08,3e-07,0
1.0,5.84e-06,1e-07,0.0,0.0,6e-08,0.0,0
1.0,1.82e-05,1.43e-06,0.0,2.4e-07,2e-07,6e-08,0
1.0,6e-08,2.4e-07,0.0,0.0,6e-08,6e-08,0
1.0,9.5e-07,8.3e-07,0.0,0.0,0.0,0.0,0
1.0,2.6e-06,6e-08,0.0,0.0,0.0,0.0,0
1.0,3.6e-07,3e-07,0.0,0.0,6e-08,0.0,0
1.0,2.1e-06,2e-07,0.0,0.0,6e-08,6e-08,0
1.0,1.8e-06,6e-08,0.0,0.0,0.0,0.0,0
1.0,1.6e-06,1e-07,0.0,0.0,0.0,6e-08,0
1.0,8e-07,3e-07,0.0,0.0,6e-08,1e-07,0
1.0,5e-07,1e-07,0.0,0.0,6e-08,0.0,0
1.0,4.8e-06,1.2e-06,0.0,0.0,6e-08,0.0,0
1.0,4e-07,3e-07,0.0,0.0,0.0,6e-08,0
1.0,5.84e-06,5e-07,0.0,0.0,1e-07,0.0,0
1.0,1.4e-06,7e-07,0.0,0.0,0.0,1e-07,0
1.0,0.0001535,1e-07,0.0,0.0,6e-08,6e-08,0
1.0,1.55e-06,2e-07,0.0,0.0,0.0,6e-08,0
1.0,3.16e-06,1e-07,0.0,0.0,0.0,0.0,0
1.0,3.6e-07,5.4e-07,0.0,0.0,0.0,6e-08,0
1.0,1.97e-06,3e-07,0.0,0.0,6e-08,6e-08,0
1.0,1.7e-06,1e-07,0.0,0.0,6e-08,6e-08,0
1.0,6e-08,2e-07,0.0,0.0,6e-08,0.0,0
1.0,2.7e-06,2e-07,0.0,0.0,6e-08,0.0,0
1.0,3.6e-07,3.6e-07,0.0,0.0,0.0,6e-08,0
1.0,2e-07,1.4e-06,0.0,0.0,0.0,6e-08,0
1.0,1.466e-05,9.5e-07,0.0,6e-08,6e-08,1e-07,0
1.0,3.34e-06,2.4e-07,0.0,0.0,0.0,0.0,0
1.0,1.9e-06,6e-08,0.0,0.0,6e-08,0.0,0
1.0,5e-07,2e-07,0.0,0.0,6e-08,6e-08,0
1.0,1e-06,6e-08,0.0,0.0,0.0,0.0,0
1.0,1.67e-06,1e-07,0.0,0.0,0.0,0.0,0
1.0,8.3e-07,1e-07,0.0,0.0,0.0,0.0,0
1.0,8.8e-06,1e-07,0.0,0.0,6e-08,0.0,0
1.0,2.3e-06,1e-07,0.0,0.0,6e-08,6e-08,0
1.0,1.2e-06,2.4e-07,0.0,0.0,6e-08,6e-08,0
1.0,1.2e-06,2e-07,0.0,0.0,0.0,6e-08,0
1.0,3.4e-06,6e-08,0.0,0.0,6e-08,0.0,0
1.0,5e-07,2e-07,0.0,0.0,0.0,0.0,0
1.0,1.25e-06,3.6e-07,0.0,0.0,0.0,0.0,0
1.0,4e-07,1e-07,0.0,0.0,6e-08,0.0,0
1.0,2e-06,2e-07,0.0,0.0,0.0,0.0,0
1.0,8e-06,5.4e-07,0.0,6e-08,6e-08,0.0,0
1.0,5e-07,1e-07,0.0,0.0,0.0,0.0,0
1.0,1.18e-05,4e-07,0.0,1e-07,6e-08,6e-08,0
1.0,4e-07,6e-08,0.0,0.0,0.0,0.0,0
1.0,1.4e-06,3.6e-07,0.0,0.0,6e-08,6e-08,0
1.0,2.4e-07,6e-08,0.0,0.0,0.0,0.0,0
1.0,3.9e-06,1e-07,0.0,0.0,6e-08,1e-07,0
1.0,2e-06,1e-07,0.0,0.0,0.0,0.0,0
1.0,2.4e-06,5e-07,0.0,0.0,0.0,0.0,0
1.0,4.65e-06,6e-08,0.0,0.0,6e-08,0.0,0
1.0,1.67e-06,6e-08,0.0,0.0,6e-08,0.0,0
1.0,7e-07,8.3e-07,0.0,0.0,6e-08,2e-07,0
1.0,5e-07,3.6e-07,0.0,0.0,0.0,6e-08,0
1.0,3e-07,6e-08,0.0,0.0,0.0,6e-08,0
1.0,3.16e-06,6e-07,0.0,0.0,6e-08,0.0,0
1.0,3.8e-06,2e-07,0.0,0.0,6e-08,0.0,0
1.0,6.74e-06,4e-07,0.0,0.0,6e-08,3.6e-07,0
1.0,1e-07,2.4e-07,0.0,0.0,6e-08,0.0,0
1.0,6e-08,3.6e-07,0.0,0.0,0.0,6e-08,0
1.0,6.6e-07,3e-07,0.0,0.0,6e-08,6e-08,0
1.0,2e-07,2e-07,0.0,0.0,6e-08,0.0,0
1.0,5.4e-07,2e-07,0.0,0.0,6e-08,1e-07,0
1.0,8.17e-06,1e-07,0.0,0.0,6e-08,0.0,0
1.0,2.2e-06,2.4e-07,0.0,0.0,6e-08,1e-07,0
1.0,2.2e-06,2e-07,0.0,0.0,6e-08,6e-08,0
1.0,3.16e-06,6e-07,0.0,0.0,0.0,0.0,0
1.0,2.4e-06,2e-07,0.0,0.0,6e-08,6e-08,0
1.0,5e-07,3e-07,0.0,0.0,0.0,1e-07,0
1.0,2.1e-06,3.6e-07,0.0,0.0,0.0,0.0,0
1.0,0.0001041,2e-07,0.0,6e-08,1e-07,6e-08,0
1.0,1.55e-06,6e-07,0.0,0.0,0.0,6e-08,0
1.0,5.4e-07,8e-07,0.0,0.0,6e-08,1e-07,0
1.0,5e-07,2e-07,0.0,0.0,6e-08,1e-07,0
1.0,1.25e-06,2.4e-07,0.0,0.0,0.0,6e-08,0
1.0,2.56e-06,2.4e-07,0.0,0.0,6e-08,6e-08,0
1.0,2.42e-05,0.0,0.0,0.0,6e-08,0.0,0
1.0,2.8e-06,1e-07,0.0,0.0,0.0,0.0,0
1.0,2.3e-06,1.454e-05,0.0,0.0,6e-08,2e-07,0
1.0,9e-07,3.6e-07,0.0,0.0,6e-08,6e-08,0
1.0,1e-07,9e-07,0.0,0.0,0.0,6e-08,0
1.0,3.6e-07,5.66e-06,0.0,0.0,6e-08,2e-07,0
1.0,1.055e-05,6e-07,0.0,6e-08,6e-08,6e-08,0
1.0,6.9e-06,6e-08,0.0,0.0,6e-08,6e-08,0
1.0,7e-07,3e-07,0.0,0.0,6e-08,6e-08,0
1.0,9e-07,3e-07,0.0,0.0,0.0,0.0,0
1.0,4.3e-06,2e-07,0.0,0.0,6e-08,0.0,0
1.0,1.67e-06,8.3e-07,0.0,0.0,6e-08,3.6e-07,0
1.0,3.5e-06,1e-07,0.0,0.0,6e-08,0.0,0
1.0,5.4e-07,1e-07,0.0,0.0,0.0,0.0,0
1.0,4e-07,2e-07,0.0,0.0,1e-07,3e-07,0
1.0,4.65e-06,1e-07,0.0,0.0,6e-08,0.0,0
1.0,4.4e-06,1.85e-06,0.0,0.0,6e-08,6e-08,0
1.0,1.13e-06,6e-08,0.0,0.0,0.0,0.0,0
1.0,5.25e-06,4e-07,0.0,0.0,6e-08,0.0,0
1.0,2.2e-06,1e-06,0.0,1e-07,1e-07,0.0,0
1.0,6.6e-07,2e-07,0.0,0.0,0.0,0.0,0
1.0,1.9e-06,3e-07,0.0,0.0,0.0,0.0,0
1.0,4.15e-05,6e-08,0.0,0.0,6e-08,0.0,0
1.0,6.6e-07,6e-08,0.0,0.0,6e-08,6e-08,0
1.0,1.514e-05,2.4e-07,0.0,0.0,1e-07,2e-07,0
1.0,4.35e-06,1.7e-06,0.0,6e-08,6e-08,1e-07,0
1.0,5e-07,1.43e-06,0.0,0.0,6e-08,1e-07,0
1.0,7.1e-06,6e-08,0.0,0.0,0.0,0.0,0
1.0,9e-07,1.1e-06,0.0,6e-08,6e-08,1e-07,0
1.0,3e-07,2e-07,0.0,0.0,6e-08,6e-08,0
1.0,1.1e-06,3.3e-06,0.0,0.0,6e-08,6e-08,0
1.0,3.8e-06,3e-07,0.0,0.0,6e-08,6e-08,0
1.0,5.4e-07,3.8e-06,0.0,0.0,6e-08,1e-07,0
1.0,5e-06,5.4e-07,0.0,0.0,6e-08,6e-08,0
1.0,4e-07,5e-07,0.0,0.0,0.0,2e-07,0
1.0,6.6e-07,4.3e-06,0.0,0.0,6e-08,2e-07,0
1.0,5.4e-07,3.6e-07,0.0,0.0,0.0,6e-08,0
1.0,6e-07,2e-07,0.0,0.0,0.0,6e-08,0
1.0,1.3e-06,2e-07,0.0,0.0,0.0,0.0,0
1.0,5.8e-06,6e-08,0.0,0.0,0.0,0.0,0
1.0,1.3e-06,2.4e-07,0.0,0.0,6e-08,0.0,0
1.0,3.6e-07,1e-07,0.0,0.0,0.0,6e-08,0
1.0,4.2e-06,6e-08,0.0,0.0,0.0,0.0,0
1.0,2.1e-06,3.6e-07,0.0,0.0,0.0,6e-08,0
1.0,4.3e-06,6e-08,0.0,0.0,6e-08,6e-08,0
1.0,3.04e-06,0.0,0.0,0.0,6e-08,0.0,0
1.0,6.1e-06,3e-07,0.0,0.0,6e-08,0.0,0
1.0,1.204e-05,6e-08,0.0,0.0,0.0,0.0,0
1.0,1.6e-06,2e-07,0.0,0.0,6e-08,6e-08,0
1.0,7.57e-06,5.4e-07,0.0,1e-07,1e-07,1e-07,0
1.0,1.2e-06,1e-07,0.0,0.0,0.0,6e-08,0
1.0,1.97e-06,5e-07,0.0,0.0,0.0,0.0,0
1.0,4e-07,6e-08,0.0,0.0,0.0,0.0,0
1.0,1e-07,5.4e-07,0.0,0.0,0.0,3.6e-07,0
1.0,2.86e-06,6e-08,0.0,0.0,0.0,0.0,0
1.0,2.4e-07,6e-08,0.0,0.0,0.0,0.0,0
1.0,3.9e-06,2e-07,0.0,0.0,6e-08,0.0,0
1.0,4.435e-05,1.1e-06,6e-08,2.4e-07,5.4e-07,2e-07,0
1.0,5e-07,1.3e-06,0.0,0.0,6e-08,3e-07,0
1.0,3.76e-06,2e-07,0.0,0.0,6e-08,0.0,0
1.0,9.5e-07,1e-07,0.0,0.0,0.0,6e-08,0
1.0,8.3e-07,3.6e-07,0.0,0.0,0.0,6e-08,0
1.0,6.6e-07,6e-08,0.0,0.0,0.0,0.0,0
1.0,8.3e-07,1e-07,0.0,0.0,0.0,0.0,0
1.0,1e-07,6e-08,0.0,0.0,0.0,6e-08,0
1.0,2.6e-06,1e-07,0.0,0.0,0.0,0.0,0
1.0,6.44e-06,2.4e-07,0.0,0.0,0.0,0.0,0
1.0,8.4e-06,2e-07,0.0,0.0,6e-08,6e-08,0
1.0,8.4e-06,3e-07,0.0,0.0,6e-08,6e-08,0
1.0,3.6e-07,6e-08,0.0,0.0,0.0,0.0,0
1.0,2.4e-07,1e-07,0.0,0.0,0.0,6e-08,0
1.0,6e-06,2.4e-07,0.0,0.0,0.0,0.0,0
1.0,3e-06,1e-07,0.0,0.0,0.0,0.0,0
1.0,3.9e-06,6e-08,0.0,0.0,0.0,0.0,0
1.0,1.74e-05,6e-08,0.0,0.0,6e-08,0.0,0
1.0,9.5e-07,6e-08,0.0,0.0,0.0,0.0,0
1.0,1.2e-06,0.0,0.0,0.0,0.0,0.0,0
1.0,1e-07,2e-07,0.0,0.0,6e-08,1e-07,0
1.0,1.55e-06,1e-07,0.0,0.0,0.0,0.0,0
1.0,3.1e-06,1e-07,0.0,0.0,0.0,0.0,0
1.0,1.55e-06,2.4e-07,0.0,0.0,0.0,6e-08,0
1.0,7e-07,2e-07,0.0,0.0,0.0,0.0,0
1.0,7e-06,1e-07,0.0,0.0,6e-08,0.0,0
1.0,3.9e-06,0.0,0.0,0.0,1e-07,0.0,0
1.0,2e-07,1.13e-06,0.0,0.0,6e-08,2.4e-07,0
1.0,9.5e-07,6e-08,0.0,0.0,0.0,0.0,0
1.0,8.3e-07,6e-07,0.0,0.0,2e-07,6e-08,0
1.0,3e-07,2e-07,0.0,0.0,0.0,6e-08,0
1.0,7.2e-06,1e-07,0.0,0.0,0.0,0.0,0
1.0,6e-07,1e-07,0.0,0.0,0.0,6e-08,0
1.0,1.1e-06,2.4e-07,0.0,0.0,0.0,6e-08,0
1.0,9e-07,1e-07,0.0,0.0,0.0,1e-07,0
1.0,9.2e-06,6e-08,0.0,0.0,6e-08,0.0,0
1.0,2.7e-06,1e-07,0.0,0.0,6e-08,0.0,0
1.0,1.1e-06,3e-07,0.0,0.0,6e-08,1e-07,0
1.0,1.9e-06,4e-07,0.0,0.0,0.0,1e-07,0
1.0,8.3e-07,9e-07,0.0,0.0,0.0,2e-07,0
1.0,1.67e-06,3.6e-07,0.0,0.0,0.0,0.0,0
1.0,2.44e-06,1e-07,0.0,0.0,0.0,0.0,0
1.0,1.13e-06,1e-07,0.0,0.0,0.0,6e-08,0
1.0,3e-07,3e-07,0.0,0.0,0.0,0.0,0
1.0,6e-08,8e-07,0.0,0.0,6e-08,4e-07,0
1.0,4e-07,8e-07,0.0,0.0,6e-08,1e-07,0
1.0,6e-07,5e-07,0.0,0.0,6e-08,1e-07,0
1.0,2.8e-06,2e-07,0.0,0.0,6e-08,2e-07,0
1.0,3.76e-06,1e-07,0.0,0.0,6e-08,0.0,0
1.0,1.186e-05,6e-08,0.0,0.0,6e-08,6e-08,0
1.0,1.8e-06,3e-07,0.0,0.0,0.0,0.0,0
1.0,1.97e-06,3e-07,0.0,0.0,0.0,6e-08,0
1.0,1.25e-06,6e-08,0.0,0.0,0.0,6e-08,0
1.0,2.4e-06,3.6e-07,0.0,0.0,6e-08,6e-08,0
1.0,6e-07,2e-07,0.0,0.0,1e-07,6e-08,0
1.0,1.3e-06,8.3e-07,0.0,0.0,0.0,0.0,0
1.0,3.34e-06,1e-07,0.0,0.0,6e-08,6e-08,0
1.0,1.85e-06,6e-07,0.0,0.0,6e-08,6e-08,0
1.0,4.23e-06,2.4e-07,0.0,0.0,6e-08,6e-08,0
1.0,8.3e-07,1e-07,0.0,0.0,0.0,0.0,0
1.0,1e-07,2e-07,0.0,0.0,0.0,0.0,0
1.0,1.2e-06,2e-07,0.0,0.0,6e-08,0.0,0
1.0,3.93e-06,2e-07,0.0,0.0,6e-08,1e-07,0
1.0,1.5e-05,9.5e-07,0.0,6e-08,6e-08,0.0,0
1.0,1.5e-06,2e-07,0.0,0.0,0.0,1e-07,0
1.0,9e-07,6e-08,0.0,0.0,0.0,0.0,0
1.0,8.5e-06,5.4e-07,0.0,0.0,6e-08,6e-08,0
1.0,1.1e-06,1e-07,0.0,0.0,0.0,6e-08,0
1.0,4.65e-06,2e-07,0.0,0.0,6e-08,6e-08,0
1.0,2.86e-06,2e-07,0.0,0.0,6e-08,6e-08,0
1.0,3.1e-06,6e-08,0.0,0.0,0.0,0.0,0
1.0,4.7e-06,1e-07,0.0,0.0,6e-08,6e-08,0
1.0,1e-06,6e-08,0.0,0.0,0.0,6e-08,0
1.0,2.6e-06,1e-07,0.0,0.0,0.0,6e-08,0
1.0,3.3e-06,1e-07,0.0,0.0,6e-08,6e-08,0
1.0,3e-07,1e-07,0.0,0.0,0.0,6e-08,0
1.0,2.3e-06,3.6e-07,0.0,0.0,0.0,0.0,0
1.0,8.3e-07,6e-08,0.0,0.0,0.0,6e-08,0
1.0,5e-07,2e-07,0.0,0.0,0.0,0.0,0
1.0,1.5e-06,5.4e-07,0.0,0.0,6e-08,0.0,0
1.0,5.66e-06,6e-08,0.0,0.0,6e-08,6e-08,0
1.0,2.8e-06,1e-07,0.0,0.0,0.0,0.0,0
0.9995,0.0003355,1e-07,0.0,6e-08,1e-07,0.0,0
1.0,8e-07,6e-07,0.0,0.0,6e-08,6e-08,0
1.0,5.4e-07,6e-08,0.0,0.0,0.0,0.0,0
1.0,1.9e-06,2.4e-07,0.0,0.0,6e-08,0.0,0
1.0,3.6e-06,3e-07,0.0,0.0,6e-08,6e-08,0
1.0,1e-07,5e-07,6e-08,0.0,6e-08,1e-07,0
1.0,5e-07,1.25e-06,0.0,6e-08,6e-08,6e-08,0
1.0,7e-07,4e-07,0.0,0.0,6e-08,1e-07,0
1.0,1e-07,1e-07,0.0,0.0,0.0,0.0,0
1.0,3e-07,4e-07,0.0,0.0,0.0,0.0,0
1.0,6.14e-06,1e-07,0.0,0.0,6e-08,0.0,0
1.0,8e-07,6e-08,0.0,0.0,0.0,0.0,0
1.0,3e-06,6e-08,0.0,0.0,0.0,0.0,0
1.0,4.8e-06,6e-08,0.0,0.0,0.0,0.0,0
1.0,1.1e-06,6e-08,0.0,0.0,0.0,0.0,0
1.0,1.13e-06,2e-07,0.0,0.0,0.0,0.0,0
1.0,1.9e-06,2e-07,0.0,0.0,0.0,6e-08,0
1.0,7.4e-06,0.0,0.0,0.0,0.0,0.0,0
1.0,2.26e-06,2e-07,0.0,0.0,0.0,0.0,0
1.0,3.04e-06,2e-07,0.0,0.0,6e-08,6e-08,0
1.0,1.3e-06,2e-07,0.0,0.0,0.0,6e-08,0
1.0,7e-07,0.0,0.0,0.0,0.0,0.0,0
1.0,9e-07,1e-07,0.0,0.0,0.0,6e-08,0
1.0,2e-07,4e-07,0.0,0.0,6e-08,0.0,0
1.0,2.1e-06,6e-08,0.0,0.0,0.0,6e-08,0
1.0,2.3e-06,2e-07,0.0,0.0,6e-08,6e-08,0
1.0,2e-07,6e-08,0.0,0.0,0.0,0.0,0
1.0,3e-07,6e-08,0.0,0.0,6e-08,0.0,0
1.0,3e-07,8.3e-07,0.0,0.0,0.0,2e-07,0
1.0,5e-07,5.4e-07,0.0,0.0,6e-08,0.0,0
1.0,1.6e-06,3e-07,0.0,0.0,6e-08,6e-08,0
1.0,5.7e-06,6e-08,0.0,0.0,0.0,0.0,0
1.0,2.4e-07,6e-08,0.0,0.0,0.0,6e-08,0
1.0,4e-07,1e-07,0.0,0.0,6e-08,1e-07,0
1.0,0.0,3.6e-07,0.0,0.0,6e-08,1e-07,0
1.0,2e-07,3.6e-07,0.0,0.0,6e-08,6e-08,0
1.0,1.1e-06,8.3e-07,0.0,6e-08,6e-08,6e-08,0
1.0,2e-06,6e-08,0.0,0.0,0.0,0.0,0
1.0,9.5e-07,6e-08,0.0,0.0,0.0,0.0,0
1.0,3e-07,1.4e-06,0.0,6e-08,6e-08,2.4e-07,0
1.0,5e-07,2e-07,0.0,0.0,6e-08,6e-08,0
1.0,5.4e-07,6e-08,0.0,0.0,6e-08,6e-08,0
1.0,6.6e-07,6e-08,0.0,0.0,0.0,6e-08,0
1.0,1.7e-06,6e-08,0.0,0.0,0.0,0.0,0
1.0,1.67e-06,0.0,0.0,0.0,0.0,0.0,0
1.0,1.34e-05,2.4e-07,0.0,0.0,6e-08,0.0,0
1.0,3e-07,2.4e-07,0.0,0.0,0.0,2.4e-07,0
1.0,1e-07,2e-07,0.0,0.0,0.0,6e-08,0
1.0,1.13e-06,7e-07,0.0,0.0,6e-08,1e-07,0
1.0,3.2e-06,2.4e-07,0.0,0.0,6e-08,6e-08,0
1.0,6e-08,2.4e-06,0.0,0.0,6e-08,0.0,0
1.0,2.74e-06,2e-07,0.0,0.0,0.0,0.0,0
1.0,8.3e-07,6e-08,0.0,0.0,0.0,6e-08,0
1.0,3.6e-07,2e-07,0.0,0.0,0.0,0.0,0
1.0,2.2e-06,2e-07,0.0,0.0,6e-08,0.0,0
1.0,8e-07,2.4e-07,0.0,0.0,0.0,6e-08,0
1.0,6.6e-07,1e-07,0.0,0.0,6e-08,2e-07,0
1.0,9.5e-07,6e-08,0.0,0.0,0.0,6e-08,0
1.0,5.4e-07,1.25e-06,0.0,0.0,0.0,1e-07,0
1.0,6e-08,2e-07,0.0,0.0,0.0,0.0,0
1.0,8e-07,4e-07,0.0,0.0,0.0,6e-08,0
1.0,2.5e-06,6e-08,0.0,0.0,0.0,0.0,0
1.0,6e-07,6e-07,0.0,0.0,0.0,6e-08,0
1.0,8e-07,3e-07,0.0,0.0,0.0,2e-07,0
1.0,1.7e-06,6e-08,0.0,0.0,0.0,0.0,0
1.0,1.5e-06,2.4e-07,0.0,0.0,6e-08,6e-08,0
1.0,1.7e-06,6e-08,0.0,0.0,0.0,0.0,0
1.0,1.85e-06,6e-08,0.0,0.0,0.0,0.0,0
1.0,6.6e-07,6e-08,0.0,0.0,0.0,6e-08,0
1.0,1.97e-06,1.3e-06,0.0,6e-08,6e-08,6e-08,0
1.0,1e-07,1.13e-06,0.0,0.0,0.0,6e-08,0
1.0,6e-08,2.4e-07,0.0,0.0,0.0,0.0,0
1.0,8.3e-07,2.4e-07,0.0,0.0,0.0,0.0,0
1.0,2.1e-06,1e-07,0.0,0.0,0.0,0.0,0
1.0,2.3e-06,1.2e-06,0.0,0.0,6e-08,1e-07,0
1.0,1.025e-05,3e-07,0.0,0.0,6e-08,0.0,0
1.0,3.6e-07,1e-07,0.0,0.0,0.0,6e-08,0
1.0,1.6e-06,6e-08,0.0,0.0,6e-08,6e-08,0
1.0,1e-07,2.4e-07,0.0,0.0,0.0,6e-08,0
1.0,1e-07,6e-08,0.0,0.0,0.0,0.0,0
1.0,1.2e-06,2.4e-07,0.0,0.0,0.0,6e-08,0
1.0,2e-07,0.0,0.0,0.0,0.0,0.0,0
1.0,3.2e-06,1e-07,0.0,0.0,0.0,0.0,0
1.0,2e-07,2.4e-07,0.0,0.0,0.0,0.0,0
1.0,1e-06,1e-07,0.0,0.0,0.0,6e-08,0
1.0,1.97e-06,6e-08,0.0,0.0,0.0,0.0,0
1.0,1.25e-06,8e-07,0.0,6e-08,6e-08,6e-08,0
1.0,2.26e-06,3.6e-07,0.0,0.0,6e-08,6e-08,0
1.0,2.56e-06,8e-07,0.0,0.0,6e-08,6e-08,0
1.0,5.96e-06,8.3e-07,0.0,0.0,6e-08,6e-08,0
1.0,4.77e-06,1e-07,0.0,0.0,0.0,6e-08,0
1.0,2.26e-06,6e-08,0.0,0.0,0.0,0.0,0
1.0,7e-06,6e-08,0.0,0.0,6e-08,0.0,0
1.0,7.03e-06,6e-08,0.0,0.0,6e-08,0.0,0
1.0,5.7e-06,2e-07,0.0,0.0,6e-08,0.0,0
1.0,1e-06,2.4e-07,0.0,0.0,0.0,6e-08,0
1.0,1.6e-06,0.0,0.0,0.0,0.0,0.0,0
1.0,1.33e-05,3.14e-05,0.0,0.0,6e-08,0.0,0
1.0,2.5e-06,2.57e-05,0.0,0.0,6e-08,0.0,0
1.0,1.28e-05,5e-06,6e-08,6e-08,2e-07,5e-07,0
1.0,8.3e-07,5.4e-06,6e-08,0.0,1e-07,7e-07,0
1.0,2.4e-06,3.624e-05,6e-08,0.0,6e-08,0.0,0
0.9883,3.6e-06,0.01187,6e-08,0.0,1e-07,0.0,0
0.4648,0.535,6e-08,6e-08,6e-08,2e-07,0.0,0
3.78e-05,1.0,3.6e-07,0.0,1e-07,6e-08,0.0,0
1.0,1e-07,4e-06,6e-08,0.0,2.4e-07,3.04e-06,0
1.0,6e-07,9e-07,3.6e-07,0.0,1.8e-06,2e-07,0
1.0,0.0,3.6e-07,6e-08,0.0,0.0,6e-08,0
1.0,6e-08,1.6e-05,6e-08,0.0,6e-08,1e-07,0
1.0,1.466e-05,2e-07,0.0,0.0,6e-08,0.0,0
0.981,0.01927,3e-07,0.0,6e-08,5.4e-07,6e-08,0
0.788,0.212,1.836e-05,0.0,2e-07,3e-07,0.0,0
1.0,4.35e-06,1.3e-06,0.0,0.0,6e-08,0.0,0
0.013954,1.407e-05,0.986,0.0,0.0,0.0,0.0,0
0.838,0.1357,0.02652,6e-08,0.0,2.4e-07,0.0,0
1.0,3.34e-06,3.46e-06,0.0,0.0,0.0,0.0,0
1.0,0.0,1.067e-05,0.0,0.0,0.0,0.0,0
0.0,0.0,0.0,0.0,0.0,0.0,1.0,0
0.0,0.0,0.0,0.0,0.0,0.0,1.0,0
0.9995,0.00038,4.315e-05,1e-07,0.0,6e-08,0.0,0
0.00819,0.9917,0.0,0.0,0.0,1e-07,0.0,0
1.0,4.77e-06,7e-07,0.0,0.0,6e-08,6e-08,0
0.9995,5.203e-05,0.0002383,2e-07,9e-07,3e-07,3.6e-07,0
1.0,6.44e-06,6e-08,0.0,0.0,0.0,0.0,0
1.0,5e-07,1e-07,0.0,0.0,0.0,0.0,0
2.843e-05,1.0,6e-08,0.0,6e-08,1e-07,3e-07,0
0.0003288,0.9995,6e-08,0.0,6e-08,2e-07,6.6e-07,0
1.0,5.32e-05,3.755e-05,1e-07,1e-07,4e-07,1.3e-06,0
1.0,1.12e-05,1.23e-05,1e-07,6e-08,2.4e-07,1.4e-06,0
0.0278,0.972,7e-07,0.0,6e-08,3.6e-07,6e-08,0
0.905,0.09534,3.93e-06,0.0,6e-08,2.4e-07,0.0,0
0.0006695,0.9995,1.55e-06,6e-08,3e-07,3e-07,2e-07,0
1.0,2.24e-05,2.44e-06,0.0,0.0,6e-08,6e-08,0
1.0,1.1e-06,2.2e-06,0.0,0.0,6e-08,6e-08,0
1.0,1.1e-05,6e-08,0.0,0.0,2.4e-07,0.0,0
1.0,5.7e-06,7.45e-06,0.0,0.0,6e-08,0.0,0
1.0,3.64e-06,1.2e-06,6e-08,0.0,6e-08,6e-08,0
1.0,2.7e-06,1.3e-06,0.0,0.0,6e-08,6e-08,0
0.00693,0.993,1.43e-06,2e-07,3e-07,2.4e-06,2.635e-05,0
0.995,0.004963,3e-07,6e-08,6e-08,4e-07,6e-08,0
0.0001897,1.0,2e-07,0.0,6e-08,6e-08,6e-08,0
6.84e-05,1.0,2.4e-07,0.0,1e-07,6e-08,6e-08,0
1.0,1.67e-06,9.173e-05,6e-08,6e-08,1e-07,2e-07,0
1.0,7.8e-06,0.0001271,6e-08,4e-07,2e-07,6e-07,0
1.0,2.414e-05,6e-08,6e-08,0.0,1e-07,0.0,0
1.0,3.475e-05,6e-07,0.0,0.0,6e-08,0.0,0
1.0,5.4e-07,1.82e-05,0.0,0.0,6e-08,6e-08,0
0.9937,5.1e-06,0.006363,6e-08,6e-08,1e-07,1e-07,0
0.9995,0.00026,1.9e-06,0.0,0.0,6e-08,0.0,0
0.9966,3.21e-05,0.003185,1e-07,0.0,3.6e-07,1e-07,0
1.0,4.7e-06,6e-08,0.0,0.0,6e-08,0.0,0
1.0,1.67e-06,5.1e-06,0.0,0.0,6e-08,6e-08,0
1.0,3e-07,5e-07,0.0,0.0,0.0,0.0,0
1.0,7.15e-06,1e-07,0.0,0.0,6e-08,1e-07,0
0.899,0.1009,1.25e-06,6e-08,2e-07,6.6e-07,4e-07,0
1.0,5.2e-06,4.95e-06,6e-08,0.0,6e-08,6e-08,0
0.0553,2.95e-05,0.001905,0.943,4e-07,7.45e-06,6.9e-06,0
0.4534,0.547,5.4e-07,0.0,6e-08,1.25e-06,0.0,0
0.2351,0.7646,5.2e-06,0.0,6e-08,1.1e-06,0.0,0
0.2227,0.7773,3.16e-06,0.0,6e-08,5.4e-07,6e-08,0
0.995,0.004665,2.86e-06,0.0,0.0,2e-07,6e-08,0
1.0,2.766e-05,9.91e-05,2e-07,6e-08,5.4e-07,4e-07,0
0.998,0.00173,0.000462,8e-07,1e-06,1.97e-06,1e-06,0
0.999,0.0007467,6e-07,0.0,0.0,1e-07,6e-08,0
0.01423,0.986,1.13e-06,6e-08,2e-07,4e-07,6e-08,0
1.0,6e-08,5e-07,1e-07,0.0,1e-07,1.2e-06,0
1.0,2.8e-06,9.01e-05,1e-06,0.0,7e-07,1.42e-05,0
0.9883,0.006454,0.003847,2.605e-05,5.36e-06,3.195e-05,0.001259,0
1.0,8.17e-06,3e-07,0.0,0.0,6e-08,6e-08,0
1.0,1.264e-05,2.7e-06,0.0,0.0,6e-08,6e-08,0
0.0745,0.9253,2.2e-06,1e-07,8.46e-06,6e-07,6e-08,0
1.0,1.085e-05,2.4e-07,0.0,0.0,6e-08,0.0,0
0.997,0.00289,1.2e-06,0.0,6e-08,6e-08,0.0,0
0.9995,0.0003314,6e-07,0.0,0.0,6e-08,0.0,0
1.0,2.1e-06,3.1e-06,0.0,0.0,6e-08,6e-08,0
1.0,1.186e-05,7e-07,0.0,0.0,6e-08,6e-08,0
1.0,2.3e-06,5.4e-07,0.0,0.0,6e-08,6e-08,0
0.999,0.0007267,1.19e-05,6e-08,2.4e-07,3.6e-07,3e-07,0
1.0,9.95e-06,7e-07,0.0,0.0,6e-08,6e-08,0
1.0,2.563e-05,2.1e-06,0.0,0.0,1e-07,2e-07,0
0.9995,4.53e-06,0.0002737,6e-08,6e-08,1e-07,1.7e-06,0
1.0,4.3e-06,3.64e-06,0.0,0.0,6e-08,6e-08,0
0.9995,0.000482,7.31e-05,0.0,2e-07,3e-07,0.0,0
0.9175,0.0814,0.000986,2e-07,9.5e-07,2.44e-06,6e-08,0
1.0,5.436e-05,2.17e-05,0.0,6e-08,1e-07,2.4e-07,0
1.0,1.39e-05,1.985e-05,0.0,1e-06,6e-08,6e-08,0
1.0,4.77e-06,5.3e-06,0.0,0.0,6e-08,2e-07,0
1.0,2.9e-06,6.44e-06,0.0,0.0,6e-08,4e-07,0
1.0,0.0,5e-07,2e-07,0.0,0.0,0.0,0
1.0,2e-07,1.4e-06,1e-07,0.0,6e-08,6e-08,0
1.0,2.2e-06,9.5e-07,0.0,0.0,6e-08,0.0,0
1.0,2.42e-05,4.05e-06,6e-08,0.0,2e-07,2.4e-07,0
0.995,0.00479,3.016e-05,0.0,0.0,6e-08,0.0,0
1.0,1.615e-05,2.07e-05,0.0,0.0,0.0,0.0,0
1.0,1.675e-05,2.4e-07,0.0,0.0,6e-08,0.0,0
1.0,2.223e-05,6e-06,0.0,0.0,2e-07,1e-07,0
1.0,4.077e-05,1e-06,0.0,0.0,1e-07,6e-08,0
1.0,8.3e-07,5e-07,0.0,0.0,6e-08,6e-07,0
1.0,4.226e-05,1.4e-06,6e-08,0.0,2.4e-07,2.1e-06,0
1.0,3.266e-05,2e-07,0.0,0.0,6e-08,6e-08,0
1.0,2.88e-05,2.4e-07,0.0,0.0,6e-08,6e-08,0
0.9995,0.0002632,6.88e-05,1e-07,2.4e-07,3.6e-07,6.6e-07,0
0.0001897,1.0,2e-07,0.0,6e-08,6e-08,6e-08,0
0.906,0.094,6.6e-07,0.0,0.0,3.6e-07,2e-07,0
1.0,6.7e-06,1e-07,0.0,0.0,6e-08,6e-08,0
1.0,1.8e-06,2.4e-07,0.0,0.0,6e-08,6e-08,0
1.0,1.35e-05,8e-07,0.0,0.0,1e-07,1e-07,0
1.0,9.66e-06,6e-08,0.0,0.0,6e-08,6e-08,0
1.0,1e-05,6e-08,0.0,0.0,1e-07,6e-08,0
0.9995,0.0006566,6.6e-07,6e-08,6e-08,1.4e-06,1e-07,0
0.998,0.001775,0.0,0.0,0.0,6e-07,2.4e-07,0
1.0,1.216e-05,1e-07,1e-07,6e-08,3.6e-07,3e-07,0
1.0,4.1e-05,0.0,0.0,0.0,3e-07,6e-08,0
1.0,9.5e-07,1.156e-05,0.0,0.0,2e-07,6e-08,0
1.0,1.7e-06,1.52e-05,0.0,0.0,2e-07,1e-07,0
1.0,1.4e-06,1.13e-06,0.0,0.0,6e-08,6e-08,0
1.0,6.74e-06,4.62e-05,6e-08,0.0,2e-07,0.0,0
1.0,4.95e-06,3.6e-06,6e-08,0.0,1e-07,0.0,0
1.0,5.1e-06,2.7e-06,6e-08,0.0,6e-08,0.0,0
1.0,0.0001541,2.8e-06,6e-08,0.0,1e-07,0.0,0
1.0,0.0002123,3e-06,0.0,0.0,1e-07,0.0,0
1.0,0.0001205,3e-06,0.0,0.0,6e-08,0.0,0
0.9404,0.05966,6.6e-07,6e-08,0.0,1.1e-06,2e-07,0
0.1646,0.8354,1e-07,0.0,0.0,2.15e-06,2e-07,0
1.78e-05,1.0,0.0,0.0,0.0,0.0,0.0,0
1.0,0.000174,3.6e-07,0.0,0.0,1e-07,6e-08,0
0.9985,0.001549,8.4e-06,6e-08,1e-07,4e-07,2e-07,0
0.997,0.003052,4e-07,0.0,6e-08,2.4e-07,6e-08,0
1.0,1.615e-05,1e-07,0.0,0.0,6e-08,1e-07,0
1.0,5.96e-06,1e-07,0.0,0.0,6e-08,6e-08,0
1.0,7.87e-06,1e-07,0.0,0.0,6e-08,1e-07,0
1.0,1.16e-05,9.5e-07,0.0,0.0,6e-08,0.0,0
1.0,8.76e-06,5.4e-07,0.0,0.0,0.0,0.0,0
1.0,1.69e-05,3.6e-07,0.0,0.0,6e-08,0.0,0
1.0,7.06e-05,2.4e-07,0.0,0.0,6e-08,6e-08,0
1.0,3.743e-05,1e-07,0.0,0.0,6e-08,6e-08,0
1.0,0.00011414,6e-08,0.0,0.0,6e-08,0.0,0
0.7153,8.46e-06,0.2847,1e-07,3.8e-06,4e-07,6.6e-07,0
0.383,1.55e-06,0.6167,6e-08,3.3e-06,2.4e-07,1e-07,0
0.463,2.4e-06,0.537,1e-07,4.8e-06,2.4e-07,2e-07,0
1.0,1.88e-05,2.15e-06,0.0,0.0,1e-07,6e-08,0
1.0,5.007e-05,5e-07,0.0,0.0,6e-08,6e-08,0
0.9995,0.000256,3.64e-06,0.0,6e-08,2e-07,6e-08,0
0.9097,0.0897,0.0008407,3e-07,6.74e-06,2.74e-06,5e-07,0
0.959,0.041,1.65e-05,0.0,1e-07,3e-07,6e-08,0
1.0,3.16e-06,0.0,0.0,0.0,0.0,0.0,0
1.0,5.6e-06,6e-08,0.0,0.0,6e-08,0.0,0
1.0,3.71e-05,0.0,0.0,0.0,6e-08,0.0,0
1.0,6e-07,3e-07,0.0,0.0,6e-08,6e-08,0
1.0,3e-07,3e-07,0.0,0.0,6e-08,0.0,0
1.0,2.74e-06,0.0,0.0,0.0,0.0,0.0,0
1.0,2.5e-06,0.0,0.0,0.0,0.0,0.0,0
1.0,3.34e-06,0.0,0.0,0.0,0.0,0.0,0
1.0,3.6e-07,3.5e-06,0.0,0.0,0.0,0.0,0
1.0,3e-07,3.9e-06,0.0,0.0,0.0,0.0,0
1.0,1e-07,9e-07,0.0,0.0,0.0,0.0,0
1.0,3e-07,6e-08,0.0,0.0,0.0,1e-07,0
1.0,2.6e-06,6e-08,0.0,0.0,6e-08,6e-08,0
0.9995,2.4e-07,0.0004728,0.0,1e-07,6e-08,6e-08,0
1.0,3.1e-06,2e-07,0.0,0.0,1e-07,6e-08,0
1.0,5.9e-06,0.0,0.0,0.0,6e-08,0.0,0
1.0,3.95e-05,5.4e-07,0.0,0.0,6e-08,0.0,0
1.0,0.0001334,8.3e-07,0.0,0.0,6e-08,0.0,0
1.0,0.0001273,4.53e-06,0.0,0.0,2.4e-07,6e-08,0
1.0,2e-07,3e-07,0.0,0.0,0.0,1e-07,0
1.0,3e-07,1.25e-06,0.0,0.0,6e-08,5e-07,0
1.0,3.6e-07,2.7e-06,7.6e-06,0.0,6e-08,6e-07,0
1.0,2.4e-07,0.0001706,6e-08,0.0,2.4e-07,7e-07,0
1.0,2.4e-06,0.00010914,0.0,0.0,6e-08,6e-08,0
1.0,2.8e-06,4.756e-05,0.0,0.0,6e-08,0.0,0
1.0,1e-07,6e-08,6e-08,0.0,6e-08,0.0,0
1.0,6e-08,4e-07,1e-07,0.0,6.6e-07,0.0,0
1.0,0.0,8.17e-06,0.0,0.0,0.0,0.0,0
1.0,0.0,3.34e-06,6e-08,0.0,0.0,6e-08,0
1.0,0.0,1.5e-06,0.0,0.0,0.0,6e-08,0
1.0,2.41e-05,2.8e-06,0.0,0.0,6e-08,0.0,0
1.0,3e-06,1.5e-06,0.0,0.0,6e-08,0.0,0
1.0,5e-07,2e-07,0.0,0.0,6e-08,1e-07,0
1.0,1.8e-06,8.3e-07,0.0,0.0,6e-08,6e-08,0
1.0,3.16e-06,3e-07,0.0,0.0,6e-08,0.0,0
1.0,2.4e-06,5.4e-07,0.0,0.0,6e-08,6e-08,0
1.0,2.6e-06,3e-07,0.0,0.0,6e-08,0.0,0
1.0,3.6e-05,1.46e-05,6e-08,6e-08,3.6e-07,7e-07,0
1.0,0.0001835,2.813e-05,6e-08,6e-08,3e-07,2.4e-07,0
1.0,2.867e-05,3.6e-07,0.0,0.0,6e-08,0.0,0
1.0,2.88e-05,8.3e-07,0.0,0.0,1e-07,1e-07,0
0.7637,0.2366,3e-07,6e-08,8e-07,5.4e-07,2e-07,0
0.9985,0.001265,1e-07,0.0,6e-08,6e-08,6e-08,0
1.0,1.8e-06,6e-08,0.0,0.0,0.0,0.0,0
1.0,2.1e-06,1e-07,0.0,0.0,6e-08,6e-08,0
1.0,3.03e-05,5.2e-06,6e-08,0.0,2e-07,1e-07,0
1.0,1.884e-05,1.1e-06,0.0,0.0,1e-07,6e-08,0
1.0,1.293e-05,3.6e-07,0.0,0.0,6e-08,0.0,0
1.0,1.43e-06,4.23e-06,0.0,0.0,6e-08,2.4e-07,0
0.003551,1.85e-05,0.9966,1e-07,1e-06,0.0,2.4e-07,0
0.9897,3.6e-07,0.01017,1e-07,2e-07,6e-08,3.6e-07,0
1.0,8.63e-05,4e-07,0.0,6e-08,2.4e-07,6e-08,0
1.0,4e-07,1.2e-06,0.0,0.0,0.0,0.0,0
1.0,1.2e-06,1e-06,0.0,0.0,6e-08,0.0,0
1.0,1.67e-06,3.6e-07,0.0,0.0,6e-08,6e-08,0
1.0,1.8e-06,4e-07,0.0,0.0,6e-08,6e-08,0
1.0,2.5e-06,6.6e-07,0.0,0.0,6e-08,6e-08,0
0.9985,2.2e-06,0.00126,6e-08,6e-08,3e-07,1e-07,0
0.000392,5e-07,0.9995,0.0,6e-08,0.0,0.0,0
1.0,5.4e-07,1.3e-06,0.0,0.0,0.0,6e-08,0
1.0,1.1e-06,1.3e-06,0.0,0.0,6e-08,2e-07,0
1.0,5e-07,5e-07,0.0,0.0,0.0,0.0,0
0.9014,0.0984,2.2e-06,2.6e-06,2.7e-06,3.76e-06,7.087e-05,0
1.0,2.3e-05,4e-07,6e-08,0.0,1e-07,4e-07,0
1.0,3.19e-05,3e-07,0.0,0.0,6e-08,2.4e-07,0
0.0007734,0.999,1e-07,1e-07,2.4e-07,4e-07,9e-07,0
0.010056,0.9897,1e-07,1e-07,2e-07,7e-07,3.4e-06,0
1.0,1.335e-05,5e-07,0.0,0.0,1e-07,2e-07,0
1.0,1.42e-05,2.26e-06,1e-07,0.0,3e-07,5e-07,0
6e-08,0.0,0.0,1.0,0.0,0.0,0.0,0
0.9995,0.0005507,6e-08,0.0,0.0,1e-07,1e-07,0
1.0,4.1e-05,0.0,0.0,0.0,1e-07,3e-07,0
1.0,3.5e-06,1e-07,0.0,0.0,6e-08,2e-07,0
1.0,1.25e-05,4e-07,6e-08,6e-08,2.4e-07,2.4e-07,0
0.9966,1.34e-05,0.003286,3e-07,5e-07,3.6e-07,1.5e-06,0
1.0,5.955e-05,6.1e-06,0.0,0.0,1e-07,2.4e-07,0
1.0,5.84e-06,1e-07,0.0,0.0,0.0,6e-08,0
1.0,2.72e-05,1.43e-06,1e-06,0.0,2e-07,6e-08,0
1.0,4e-06,1.2e-06,3e-07,0.0,6e-08,0.0,0
1.0,1.067e-05,3.6e-06,1.13e-06,0.0,1e-07,6e-08,0
1.0,9.1e-06,3.34e-06,0.0,0.0,1e-07,3.6e-07,0
0.9985,0.001567,1.1e-06,6e-08,6e-08,2.4e-07,1e-07,0
1.0,6.17e-05,2.4e-07,0.0,0.0,1e-07,6e-08,0
1.0,1.33e-05,2.1e-06,6e-08,1e-07,2.4e-07,2e-07,0
1.0,6.5e-05,5e-06,0.0,2e-07,2.4e-07,1e-07,0
1.0,9.37e-05,4e-07,0.0,0.0,1e-07,1e-06,0
0.0003288,0.9995,6e-07,6e-08,6e-08,1e-07,6e-08,0
0.001174,0.999,7e-07,1e-07,2.4e-07,4e-07,6e-07,0
1.0,2.2e-05,1e-06,6e-08,1e-07,1e-07,2e-07,0
1.0,4.55e-05,1.97e-06,6e-08,2e-07,2.4e-07,2.4e-07,0
1.0,3.3e-06,5e-07,0.0,0.0,6e-08,6e-08,0
1.0,4.9e-06,4e-07,0.0,0.0,6e-08,6e-08,0
1.0,6.9e-06,3.6e-07,0.0,0.0,6e-08,6e-08,0
1.0,2.51e-05,5e-07,0.0,0.0,6e-08,1e-07,0
1.0,0.0001653,2.4e-07,0.0,0.0,1e-07,1e-07,0
1.0,7.59e-05,7e-07,0.0,0.0,6e-08,2e-07,0
1.0,1.5e-06,2e-07,0.0,0.0,0.0,6e-08,0
1.0,1.7e-06,2.4e-07,0.0,0.0,6e-08,6e-08,0
1.0,1.97e-06,9e-07,0.0,0.0,6e-08,3e-07,0
1.0,2.4e-06,8.3e-07,0.0,0.0,6e-08,2.4e-07,0
1.0,1.02e-05,5.4e-07,0.0,0.0,6e-08,6e-08,0
0.9756,0.000943,0.02348,6e-08,2.4e-07,7e-07,0.0,0
1.0,2.71e-05,6e-08,0.0,0.0,6e-08,0.0,0
1.0,1.63e-05,1e-07,0.0,0.0,6e-08,0.0,0
1.0,2.86e-06,1.2e-06,0.0,0.0,6e-08,3.6e-07,0
1.0,2.6e-06,3.8e-06,6e-08,0.0,1e-07,1.2e-06,0
1.0,3.64e-06,1.6e-06,0.0,0.0,6e-08,6.6e-07,0
0.01095,0.9893,4e-07,0.0,0.0,2.4e-07,0.0,0
0.5527,0.4475,1.55e-06,6e-08,0.0,7e-07,1e-07,0
0.1744,0.8257,8e-07,6e-08,0.0,6e-07,6e-08,0
0.0051,0.995,1e-07,0.0,3.6e-07,3e-07,6e-08,0
0.5815,0.4187,3.6e-07,6e-08,4e-07,1.1e-06,1e-07,0
0.0995,0.9004,3e-07,6e-08,6.6e-07,9.5e-07,1e-07,0
0.00011754,1.0,2e-07,6e-08,1.55e-06,2e-07,1e-07,0
3.89e-05,1.0,5e-07,6e-08,4.9e-06,2e-07,1e-07,0
0.0001276,1.0,1e-07,6e-08,1.6e-06,1e-07,1e-07,0
0.842,0.1582,3.207e-05,7e-07,2.4e-07,9.5e-07,4e-07,0
0.669,0.331,1.19e-05,2.26e-06,3.6e-07,1.67e-06,9.5e-07,0
0.9995,0.0004776,6.4e-05,2.4e-07,6e-08,2.4e-07,2.4e-07,0
1.0,4.77e-06,6e-08,0.0,0.0,0.0,3e-07,0
1.0,3.34e-06,0.0,6e-08,0.0,0.0,6.6e-07,0
1.0,9.4e-06,0.0,6e-08,0.0,0.0,1.13e-06,0
1.0,8.285e-05,3e-07,0.0,0.0,2e-07,6e-08,0
1.0,1.645e-05,2.4e-07,0.0,0.0,1e-07,6e-08,0
1.0,4.274e-05,5.4e-07,0.0,0.0,1e-07,1e-07,0
1.0,3.016e-05,1.1e-06,0.0,0.0,1e-07,3e-07,0
0.999,0.000866,1e-07,1e-07,0.0,2.4e-07,2e-07,0
1.0,1.705e-05,2e-06,0.0,0.0,4e-07,1e-07,0
1.0,7.784e-05,1.25e-06,0.0,0.0,2e-07,2.4e-07,0
1.0,7.2e-06,3.6e-07,0.0,0.0,6e-08,0.0,0
1.0,3.195e-05,6e-08,0.0,0.0,6e-08,6e-08,0
1.0,1.097e-05,2.4e-07,0.0,0.0,1e-07,6e-08,0
0.999,0.001138,1.6e-06,6e-08,6e-08,7e-07,2.1e-06,0
1.0,4.524e-05,2e-07,0.0,0.0,1e-07,1e-07,0
1.0,1e-07,1.67e-06,0.0,0.0,6e-08,6e-08,0
1.0,4.07e-05,2e-07,0.0,0.0,2e-07,0.0,0
1.0,2.19e-05,9e-07,0.0,0.0,3e-07,4e-07,0
0.9985,0.00149,6.6e-07,0.0,6e-08,4e-07,1e-07,0
1.0,5.3e-06,8.3e-07,0.0,6e-08,6e-08,2.4e-07,0
1.0,2.617e-05,3e-07,6e-08,2.4e-07,1e-07,3.6e-07,0
0.9995,0.000585,1.97e-06,6e-08,5e-07,3e-07,6e-07,0
0.988,1.156e-05,0.01224,1.5e-06,1.216e-05,8.3e-07,5e-07,0
0.986,0.01401,3.6e-07,0.0,1e-07,3e-07,6e-08,0
1.0,9.8e-05,1e-07,0.0,0.0,6e-08,0.0,0
0.9873,0.0001453,0.01277,6e-08,2e-07,4e-07,6e-08,0
0.0085,0.001308,0.99,0.0,6.6e-07,6e-08,0.0,0
1.0,5.33e-05,3.6e-07,0.0,0.0,6e-08,6e-08,0
1.0,4.363e-05,1e-07,0.0,0.0,6e-08,6e-08,0
0.9995,0.000593,2e-07,0.0,0.0,1e-07,0.0,0
1.0,4.5e-06,4.05e-06,1.13e-06,3.6e-07,6.6e-07,1.43e-05,0
1.0,5.2e-06,1e-07,1e-07,0.0,6e-08,4e-07,0
1.0,6.896e-05,6.6e-06,0.0,0.0,1e-07,2.4e-07,0
1.0,8.19e-05,2.8e-06,0.0,6e-08,1e-07,1e-07,0
1.0,3.35e-05,2.26e-06,6e-08,6e-08,2e-07,8e-07,0
0.2659,0.734,7.9e-06,6e-08,8e-07,9e-07,3e-07,0
1.0,4.49e-05,2.4e-07,0.0,0.0,6e-08,6e-08,0
0.9995,0.0003846,3e-07,6e-08,1e-07,3.6e-07,3.46e-06,0
1.0,6.26e-06,1.6e-06,0.0,2e-07,1e-07,1e-07,0
0.999,0.000823,2e-07,0.0,0.0,2.4e-07,2e-07,0
0.2734,0.000695,0.726,6.3e-06,6.8e-06,2.8e-06,1.9e-06,0
1.0,4.363e-05,3.7e-06,6e-08,2e-07,5.4e-07,2.4e-07,0
0.00428,0.9956,6e-08,0.0,2e-07,1e-07,6e-08,0
0.6533,0.3457,0.000478,1.19e-05,0.000496,5.54e-06,1.3e-06,0
1.0,4.21e-05,4e-06,0.0,6e-08,1e-07,2e-07,0
0.873,0.0003111,0.1267,1.1e-06,3.6e-06,2.15e-06,3.93e-06,0
0.9995,0.000306,1.6e-06,6e-08,2.4e-07,3e-07,6e-08,0
0.9995,0.0003488,1.69e-05,6e-08,6.6e-07,3.6e-07,6e-08,0
0.9995,3e-07,0.0002873,3.6e-07,6e-08,3.6e-07,0.0001713,0
0.9775,0.0223,3.6e-07,0.0,0.0,1e-07,0.0,0
0.9756,0.02461,2.26e-06,0.0,7e-07,3.6e-07,5e-07,0
0.00909,0.9907,6.6e-07,1e-07,5.4e-07,9e-07,8e-07,0
0.00654,0.9937,1.2e-06,0.0,6e-08,2e-07,6e-08,0
1.0,0.0002296,8e-07,0.0,6e-08,2e-07,1e-07,0
0.9937,0.000985,0.005257,3e-07,4.9e-06,1.5e-06,4.53e-06,0
0.001507,0.9985,9.5e-07,6e-08,2.4e-07,2.4e-07,6e-08,0
0.998,0.001466,0.0003622,0.0,2e-07,4e-07,1e-07,0
0.9883,0.0002859,0.011284,6e-08,8.3e-07,5.4e-07,1e-07,0
0.994,0.005936,2e-07,0.0,6e-08,3e-07,2.4e-07,0
0.9946,0.002838,0.0003343,1.276e-05,0.001982,4e-06,1.5e-06,0
1.0,1.055e-05,2e-07,0.0,0.0,6e-08,1e-07,0
0.9995,0.0003114,1e-07,0.0,6e-08,2e-07,1e-07,0
0.999,0.0007915,1.2e-06,6e-08,3e-07,4e-07,3e-07,0
1.0,6.354e-05,2.4e-07,0.0,0.0,1e-07,1e-07,0
0.9995,0.000664,2.8e-06,6e-08,5e-07,2.4e-07,3e-07,0
1.0,1.806e-05,0.0,0.0,0.0,6e-08,0.0,0
1.0,2.056e-05,4.5e-06,2e-07,2e-07,4e-07,1.4e-06,0
1.0,1.3e-06,6e-08,6e-08,0.0,6e-08,0.0,0
1.0,3.08e-05,0.00011706,0.0,2.4e-07,2e-07,0.0,0
1.0,5.84e-06,6e-08,0.0,0.0,6e-08,0.0,0
1.0,8.94e-06,6e-08,0.0,0.0,6e-08,6e-08,0
1.0,9.1e-06,6e-07,0.0,0.0,6e-08,6e-08,0
0.998,0.001761,0.0,0.0,0.0,6e-08,0.0,0
0.001138,0.999,1.16e-05,6e-08,5.3e-06,2e-07,1e-07,0
0.995,0.003372,0.001275,6e-08,5.26e-05,5.4e-07,3.6e-07,0
1.0,1.11e-05,1e-07,0.0,0.0,6e-08,6e-08,0
1.0,5.7e-06,6e-08,0.0,0.0,6e-08,6e-08,0
0.0002156,1.0,5e-07,0.0,2e-07,6e-08,0.0,0
1.0,6e-08,1.8e-06,6e-08,0.0,1e-07,3e-07,0
1.0,1.82e-05,1e-07,0.0,0.0,1e-07,0.0,0
9.54e-06,0.0,1.0,0.0,1e-07,0.0,0.0,0
1.0,2.366e-05,7.7e-06,6e-08,6e-08,1e-07,3e-07,0
1.0,5.1e-05,8.3e-07,9.15e-05,6e-08,2.4e-07,0.0,0
0.9995,6.5e-06,0.0002397,0.0,6e-08,1e-07,1e-07,0
0.01234,0.988,1e-06,6e-08,7.5e-06,3e-07,3.6e-07,0
1.0,2.766e-05,4.44e-05,1e-07,2e-07,1e-07,5.4e-07,0
1.0,1.43e-06,4.5e-06,0.0,0.0,2e-07,5.4e-07,0
0.9526,0.04153,0.0,0.00582,1e-07,9e-07,6e-08,0
1.0,4.935e-05,1.186e-05,2.73e-05,6e-08,1e-07,0.0,0
1.0,1.85e-06,2.9e-06,0.0,0.0,1e-07,2e-07,0
1.0,3.93e-05,1e-07,0.0,0.0,6e-08,0.0,0
0.1624,3.6e-07,0.8374,0.0,6e-08,6e-08,6e-08,0
1.0,4.99e-05,1.2e-06,1.484e-05,1.544e-05,6.6e-07,2.5e-06,0
0.999,0.0008626,2.4e-07,0.0,0.0,6e-08,0.0,0
1.0,0.0,9.084e-05,9.5e-07,6e-08,2.4e-07,8e-07,0
1.0,1e-07,7.75e-06,1e-07,0.0,1e-07,2e-07,0
1.0,4.92e-05,2.4e-07,0.0,0.0,6e-08,6e-08,0
0.02866,3.4e-06,0.971,0.0,1.39e-05,6e-08,0.0,0
1.0,9.61e-05,0.0,6e-08,0.0,1e-07,0.0,0
1.0,0.0001318,4.65e-06,0.0,0.0,1e-07,1e-07,0
1.0,4.035e-05,1.5e-06,0.0,0.0,1e-07,2e-07,0
0.7554,0.2443,0.0005884,5e-07,7.4e-06,1.85e-06,2.4e-06,0
0.008286,1.5e-06,0.9917,0.0,2.486e-05,6e-08,0.0,0
0.9995,0.0006785,1.997e-05,6e-08,6.85e-06,3.6e-07,3e-07,0
0.999,0.0007305,8.9e-06,6e-08,7e-07,5e-07,2.4e-07,0
1.0,3.2e-06,2e-07,0.0,0.0,6e-08,0.0,0
0.9434,0.05664,4.78e-05,6e-08,1.65e-05,5.4e-07,5.4e-07,0
0.9995,0.0005827,3.3e-06,3e-07,6e-07,1.2e-06,2.4e-07,0
1.0,3.433e-05,3.53e-05,3.6e-07,1.1e-06,2.4e-07,0.0001037,0
0.001867,0.998,6e-08,0.0,7e-07,1e-07,6e-08,0
1.0,4.6e-05,5e-07,0.0,0.0,6e-08,6e-08,0
0.9873,0.01243,8.38e-05,6e-07,1.04e-05,2.9e-06,9.1e-06,0
0.999,0.000936,2.25e-05,0.0,7e-07,6e-07,6e-08,0
0.9995,0.000703,1.2e-06,1e-07,4e-07,9e-07,2.56e-06,0
1.0,2.31e-05,2.4e-07,0.0,0.0,3e-07,2.4e-07,0
1.0,6.6e-07,1e-07,0.0,0.0,0.0,0.0,0
1.0,0.0001113,2.4e-07,6e-08,6e-08,2e-07,2.4e-07,0
0.997,7.57e-06,0.00304,1.7e-06,1.25e-06,6.6e-07,4.35e-06,0
3.254e-05,0.0,1.0,0.0,6e-08,0.0,0.0,0
1.42e-05,0.0,1.0,0.0,0.0,0.0,0.0,0
0.005936,0.994,2.82e-05,0.0,4e-07,2e-07,6e-08,0
0.01257,2e-07,0.0002052,0.9873,7.1e-06,1.544e-05,0.0001338,0
2.23e-05,0.0,0.0,1.0,0.0,6e-08,6e-08,0
1.0,6.4e-06,1e-07,0.0,0.0,6e-08,0.0,0
1.0,6.29e-05,6e-08,0.0,0.0,2e-07,0.0,0
1.0,0.0002407,1e-07,0.0,0.0,2e-07,6e-08,0
1.0,0.0001417,3.9e-06,6e-08,2e-07,5e-07,1e-07,0
1.0,0.0001572,3.04e-06,0.0,2e-07,2.4e-07,6e-08,0
2.6e-06,6e-08,2.1e-06,0.0,1.0,6e-08,6e-08,0
3.34e-06,1e-07,3.6e-06,6e-08,1.0,6e-08,1e-07,0
0.998,0.001734,9e-07,6e-08,1e-07,9.5e-07,1e-07,0
1.0,1.89e-05,1.7e-06,0.0,6e-08,1e-07,6e-07,0
1.0,1.925e-05,5e-07,0.0,0.0,6e-08,3e-07,0
0.997,0.002747,7.8e-06,1e-07,3e-07,3.6e-07,1e-07,0
0.9697,0.03021,8.17e-06,4e-07,6.6e-07,2.4e-06,1.55e-06,0
1.0,8.77e-05,1.496e-05,2.4e-07,1e-07,4e-07,6e-07,0
1.0,2.78e-05,0.0,0.0,0.0,5.4e-07,2e-07,0
1.0,4.77e-06,4e-07,6e-08,6e-08,4e-07,2.4e-07,0
1.0,3.433e-05,2e-07,6e-08,0.0,1e-07,6e-08,0
0.773,0.10144,0.12427,6.6e-07,0.001168,4.35e-06,7e-07,0
0.999,0.000739,2.974e-05,1.2e-06,2.6e-06,6.6e-07,1e-07,0
1.0,1.42e-05,2.26e-06,6e-08,0.0,2e-07,2e-07,0
0.9844,0.01141,0.00407,1.43e-06,4.62e-05,3.3e-06,8.5e-06,0
1.0,9e-07,3.6e-07,0.0,0.0,0.0,0.0,0
1.0,0.0001104,3.6e-07,0.0,6e-08,1e-07,6e-08,0
1.0,0.00010765,3.296e-05,0.0,6e-08,1e-07,6e-08,0
0.9995,0.000342,7.9e-06,0.0,6e-08,2e-07,6e-08,0
1.0,1.67e-06,3.374e-05,0.0,0.0,6e-08,6e-08,0
0.951,0.04904,4e-07,3e-07,4e-07,8e-07,2e-07,0
1.0,1.54e-05,1.13e-06,0.0,6e-08,2.4e-07,6e-08,0
1.0,1.43e-06,8.3e-07,0.0,0.0,0.0,6e-08,0
1.0,1.6e-06,4e-07,0.0,0.0,0.0,6e-08,0
1.0,2.855e-05,6.6e-07,0.0,0.0,1e-07,6e-08,0
1.0,3.16e-06,6e-07,0.0,0.0,6e-08,6e-08,0
1.0,5e-07,4.5e-06,0.0,0.0,6e-08,3.2e-06,0
1.0,3.6e-07,1.25e-06,0.0,0.0,6e-08,8.3e-07,0
1.0,0.0002288,3.2e-06,6e-08,0.0,2.4e-07,1e-07,0
1.0,1.2e-06,6.6e-07,0.0,0.0,6e-08,1e-07,0
1.0,1.2e-06,2.4e-07,0.0,0.0,6e-08,6e-08,0
1.0,1e-06,1.335e-05,0.0,0.0,0.0,6e-08,0
1.0,1.51e-05,5.436e-05,0.0,0.0,6e-08,0.0,0
1.0,1.1e-06,0.0,0.0,0.0,6e-08,0.0,0
1.0,2.26e-06,6e-08,0.0,0.0,6e-08,0.0,0
0.0004046,1e-07,0.9995,0.0,0.0,0.0,0.0,0
0.583,1.36e-05,0.4167,0.0,1e-07,1e-07,0.0,0
1.0,5.07e-06,5.4e-07,0.0,0.0,6e-08,6e-08,0
1.0,1.85e-06,2e-07,0.0,0.0,0.0,0.0,0
0.9907,0.00934,4e-07,0.0,0.0,5e-07,6e-08,0
1.0,9e-07,1e-07,0.0,0.0,0.0,0.0,0
1.0,1e-07,0.0001089,6e-08,0.0,0.0,0.0,0
1.0,2.7e-06,2.3e-06,0.0,0.0,6e-08,0.0,0
1.0,1.55e-06,2.4e-07,0.0,0.0,0.0,0.0,0
1.0,6.14e-06,1.967e-05,0.0,0.0,6e-08,0.0,0
1.0,3.64e-06,1.13e-06,0.0,0.0,6e-08,6e-08,0
1.0,2.223e-05,9.3e-06,0.0,0.0,6e-08,0.0,0
1.0,1.85e-06,6e-08,0.0,0.0,0.0,0.0,0
1.0,5.4e-07,0.0,0.0,0.0,1e-07,0.0,0
1.0,2.474e-05,6e-08,0.0,0.0,0.0,0.0,0
1.0,1.98e-05,2e-07,0.0,0.0,6e-08,6e-08,0
1.0,1.365e-05,6e-08,0.0,0.0,0.0,0.0,0
1.0,1.9e-06,6e-08,0.0,0.0,0.0,0.0,0
1.0,3.3e-06,0.0,0.0,0.0,0.0,0.0,0
1.0,6e-07,6e-08,0.0,0.0,0.0,0.0,0
1.0,1.55e-06,6e-08,0.0,0.0,6e-08,0.0,0
1.0,1.94e-05,8e-07,6e-08,6e-08,2e-07,1e-07,0
1.0,3e-07,0.0,0.0,0.0,6e-08,0.0,0
1.0,6.38e-05,6e-08,0.0,0.0,6e-08,0.0,0
0.998,0.001861,2e-07,0.0,0.0,6e-08,0.0,0
1.0,1.36e-05,5.4e-07,0.0,0.0,1e-07,6e-08,0
1.0,3.8e-06,9e-07,0.0,0.0,6e-08,0.0,0
0.9937,0.006218,1e-07,0.0,6e-08,9.5e-07,1e-07,0
1.0,3.69e-05,2.4e-07,1e-07,6e-08,6e-07,4e-07,0
1.0,0.0002091,1e-07,0.0,0.0,3.6e-07,6e-08,0
1.0,7.397e-05,2e-07,0.0,0.0,6e-08,0.0,0
1.0,5.54e-06,6e-08,0.0,0.0,6e-08,0.0,0
1.0,7.3e-06,4.7e-06,0.0,0.0,6e-08,6e-08,0
1.0,4e-07,1.3e-06,0.0,0.0,0.0,0.0,0
1.0,3.6e-07,6e-08,0.0,0.0,0.0,0.0,0
1.0,2e-07,0.0,0.0,0.0,0.0,0.0,0
1.0,1.8e-06,6e-08,0.0,0.0,6e-08,0.0,0
1.0,2.1e-06,6e-08,0.0,0.0,0.0,0.0,0
1.0,5.66e-06,6e-08,0.0,0.0,0.0,0.0,0
1.0,2.4e-06,2e-07,0.0,0.0,6e-08,6e-08,0
1.0,6.56e-06,3.1e-06,0.0,0.0,6e-08,6e-08,0
1.0,6.44e-06,1e-07,0.0,0.0,6e-08,1e-07,0
1.0,2.9e-06,3.79e-05,0.0,0.0,0.0,6e-08,2
1.0,8.4e-06,6e-08,0.0,0.0,6e-08,0.0,0
1.0,2.86e-06,6e-08,0.0,0.0,1e-07,6e-08,0
1.0,7.87e-06,4e-07,0.0,0.0,6e-08,6e-08,0
1.0,3.6e-07,6e-08,0.0,0.0,6e-08,0.0,0
1.0,1e-06,1.25e-06,0.0,0.0,6e-08,0.0,0
1.0,3.8e-06,2e-07,0.0,0.0,6e-08,6e-08,0
1.0,7.45e-06,3e-07,0.0,0.0,2e-07,1e-07,0
1.0,1.25e-06,0.0,0.0,0.0,6e-08,0.0,0
1.0,8.3e-07,0.0,0.0,0.0,0.0,2.4e-07,0
0.999,0.0007644,3e-07,1e-07,6e-08,3e-07,3.6e-07,0
1.0,9.36e-06,1.43e-06,2e-07,0.0,2.4e-07,4.35e-06,0
1.0,5.9e-06,1.2e-06,0.0,0.0,1e-07,0.0,0
1.0,2.43e-05,3e-07,0.0,0.0,1e-07,1e-07,0
1.0,1.603e-05,1.7e-05,0.0,0.0,0.0,0.0,2
1.0,8e-07,0.0,0.0,0.0,6e-08,0.0,0
1.0,3.6e-07,6e-08,0.0,0.0,0.0,0.0,0
1.0,4.673e-05,3.16e-06,0.0,0.0,1e-07,1e-07,0
1.0,9.57e-05,7.9e-06,0.0,0.0,1e-07,6e-08,0
1.0,5.347e-05,4.9e-06,6e-08,6e-08,2e-07,1e-07,0
0.9995,0.0002737,5.96e-06,0.0,0.0,2e-07,6e-08,0
0.56,2.74e-06,0.4397,5.54e-05,1e-07,2.5e-06,2.4e-07,0
0.983,2.46e-05,0.0171,1.8e-06,1e-07,1e-06,1e-07,0
1.0,3e-06,3e-07,0.0,0.0,6e-08,0.0,0
1.0,2.575e-05,3e-07,0.0,0.0,6e-08,0.0,0
1.0,2.1e-05,5.6e-05,0.0,0.0,6e-08,0.0,0
1.0,2.9e-06,1.66e-05,0.0,0.0,6e-08,0.0,0
1.0,6e-08,3.3e-06,0.0,0.0,6e-08,0.0,0
1.0,2.56e-06,3.6e-07,0.0,0.0,0.0,6e-08,0
0.9985,1.24e-05,0.001561,3e-07,6e-08,3.6e-07,3e-07,0
6e-08,0.0,1.0,0.0,2e-07,0.0,0.0,4
0.0,0.0,1.0,0.0,1e-07,0.0,0.0,4
0.0,0.0,0.0,0.0,0.0,0.0,1.0,4
0.2356,0.003975,0.7603,0.0,1.35e-05,5.4e-07,3.6e-07,4
4.7e-06,0.0342,0.0627,5.76e-05,0.903,2.1e-06,3e-07,4
0.007343,5.53e-05,0.0004408,6e-08,0.992,8.3e-07,6e-07,4
2.4e-07,0.0,3.8e-06,6e-08,1.0,0.0,6e-08,4
1.31e-05,3.04e-06,2.15e-06,6e-08,1.0,2e-07,5e-07,4
0.000982,2.4e-07,0.001009,6e-08,0.998,2.4e-07,8.3e-07,4
3.3e-06,3.6e-07,0.0,7.75e-06,1.0,1e-07,1.7e-06,4
0.002157,9.24e-06,0.998,0.0,8.64e-06,0.0,0.0,4
4.95e-06,2e-06,3.1e-06,2.694e-05,1.0,1.5e-06,1.067e-05,4
1e-07,0.0,2e-07,0.0,1.0,0.0,0.0,4
3e-07,4.4e-06,8.3e-07,0.0,1.0,6e-08,0.0,4
6.6e-07,3.6e-07,2.4e-07,0.0,1.0,0.0,6e-08,4
1.2e-06,0.0,0.02145,1e-07,0.9785,6e-08,0.0,4
0.000486,1.7e-06,0.9995,0.0,3.04e-06,0.0,0.0,4
7.59e-05,0.085,0.8457,4.95e-06,0.0694,4.05e-06,1e-07,4
6e-08,0.0,0.000823,0.999,6.4e-06,0.0,0.0,4
6e-08,0.0,1.4e-06,0.0,1.0,0.0,0.0,4
1e-07,0.0,1e-07,5.4e-07,1.0,6e-08,5.4e-07,4
3e-07,0.0,6e-08,6e-08,1.0,0.0,6e-08,4
0.9985,0.0017,4.8e-06,6e-08,1e-06,3.6e-07,3.6e-07,4
0.0004222,0.9995,4.625e-05,6e-08,2.4e-07,6e-08,0.0,4
1e-07,0.0,1.0,0.0,0.0,0.0,0.0,4
5e-07,0.0,1.0,6e-08,1.2e-06,0.0,6e-08,4
8e-07,0.0,0.001549,0.0,0.9985,0.0,0.0,4
1.85e-06,8e-07,0.00133,0.0,0.9985,6e-08,0.0,4
2e-07,6e-08,8e-07,0.0,1.0,0.0,0.0,4
4.59e-05,3.1e-06,0.06805,6e-08,0.932,3e-07,6e-08,4
2.1e-06,0.0,1.87e-05,3e-07,1.0,0.0,3e-07,4
3e-07,0.0,5e-07,0.0,1.0,0.0,1e-07,4
2e-07,0.0,1.0,0.0,1.2e-06,0.0,0.0,4
2e-07,0.0,1.0,0.0,8.3e-07,0.0,0.0,4
6.6e-07,1e-07,1e-07,5.36e-06,1.0,0.0,1e-07,4
0.0,0.0,8.3e-07,0.999,0.000732,6e-08,0.0,4
2e-07,0.0,6e-08,1.0,6e-08,0.0,0.0,4
5.5e-06,6e-08,7e-06,0.02509,0.975,5e-07,1.25e-06,4
2e-07,0.0,9.54e-06,1.0,1e-07,1e-07,0.0,4
5e-07,0.0,8.5e-06,6e-08,1.0,6e-08,2e-07,4
1.24e-05,0.0002685,1.5e-06,1e-07,0.9995,6.6e-07,2e-07,4
3.7e-06,6.6e-07,3.83e-05,6e-08,1.0,1e-07,0.0,4
1e-07,6e-08,0.3794,0.6206,1.824e-05,0.0,0.0,4
1.02e-05,3.6e-07,2e-07,1.0,1.985e-05,5e-07,3.6e-07,4
2.4e-07,6e-08,1.0,0.0,1.48e-05,0.0,0.0,4
0.0004518,0.993,0.00641,3.6e-07,1.05e-05,5e-07,6e-08,4
1.0,3e-06,5.71e-05,8e-07,1.5e-06,4e-07,2e-07,4
0.164,1.85e-06,0.836,2.3e-06,0.0001139,3e-07,6e-08,4
0.0001231,2.15e-06,2.26e-06,6e-08,1.0,2e-07,2e-07,4
3.8e-06,0.0,1.0,0.0,0.0,0.0,0.0,4
2.4e-07,0.0,1.0,0.0,6e-08,0.0,0.0,4
6e-07,6e-08,1.5e-06,0.001681,0.9985,1e-07,3e-07,4
1e-07,0.0,2e-06,2.4e-07,1.0,6e-08,5.48e-05,4
4e-07,0.0,3.6e-07,2.6e-06,1.0,6e-08,3e-07,4
1.7e-06,0.0,1.0,0.0,1.13e-06,0.0,0.0,4
0.003607,0.9966,6.6e-07,6e-08,6e-08,2.4e-06,0.0,1
